-- phpMyAdmin SQL Dump
-- version 5.2.1
-- https://www.phpmyadmin.net/
--
-- Servidor: 127.0.0.1
-- Tiempo de generación: 28-11-2025 a las 12:45:23
-- Versión del servidor: 10.4.32-MariaDB
-- Versión de PHP: 8.2.12

SET SQL_MODE = "NO_AUTO_VALUE_ON_ZERO";
START TRANSACTION;
SET time_zone = "+00:00";


/*!40101 SET @OLD_CHARACTER_SET_CLIENT=@@CHARACTER_SET_CLIENT */;
/*!40101 SET @OLD_CHARACTER_SET_RESULTS=@@CHARACTER_SET_RESULTS */;
/*!40101 SET @OLD_COLLATION_CONNECTION=@@COLLATION_CONNECTION */;
/*!40101 SET NAMES utf8mb4 */;

--
-- Base de datos: `gymsys_secure`
--

-- --------------------------------------------------------

--
-- Estructura de tabla para la tabla `bitacora`
--

CREATE TABLE `bitacora` (
  `id_accion` int(50) NOT NULL,
  `id_usuario` varchar(10) NOT NULL,
  `accion` varchar(100) NOT NULL,
  `modulo` varchar(50) NOT NULL,
  `registro_modificado` varchar(20) DEFAULT NULL,
  `detalles` varchar(2000) DEFAULT NULL,
  `fecha` timestamp NOT NULL DEFAULT current_timestamp()
) ENGINE=InnoDB DEFAULT CHARSET=utf8mb4 COLLATE=utf8mb4_general_ci;

--
-- Volcado de datos para la tabla `bitacora`
--

INSERT INTO `bitacora` (`id_accion`, `id_usuario`, `accion`, `modulo`, `registro_modificado`, `detalles`, `fecha`) VALUES
(1, '28609560', 'Incluir', 'Entrenadores', '23295079', 'Se agregó el Entrenador: 23295079 - Tomás Soto Blanco', '2025-09-10 12:26:45'),
(2, '28609560', 'Incluir', 'Entrenadores', '23295079', 'Se agregó el Entrenador: 23295079 - Tomás Soto Blanco', '2025-09-10 12:40:26'),
(3, '13906858', 'Incluir', 'Entrenadores', '13906858', 'Se agregó el Entrenador: 13906858 - Roxana Blanco Ríos', '2025-09-10 20:58:14'),
(4, '13906858', 'Incluir', 'Entrenadores', '19813548', NULL, '2025-09-10 20:58:14'),
(5, '13906858', 'Incluir', 'Entrenadores', '22364569', NULL, '2025-09-10 20:58:14'),
(6, '13906858', 'Incluir', 'Entrenadores', '20034871', NULL, '2025-09-10 20:58:14'),
(7, '13906858', 'Incluir', 'Entrenadores', '20898650', NULL, '2025-09-10 20:58:14'),
(8, '13906858', 'Incluir', 'Entrenadores', '19042586', NULL, '2025-09-10 20:58:14'),
(9, '13906858', 'Incluir', 'Entrenadores', '23134815', NULL, '2025-09-10 20:58:14'),
(10, '13906858', 'Incluir', 'Entrenadores', '18854101', NULL, '2025-09-10 20:58:14'),
(11, '13906858', 'Incluir', 'Entrenadores', '21650876', NULL, '2025-09-10 20:58:14'),
(12, '13906858', 'Incluir', 'Entrenadores', '19585138', NULL, '2025-09-10 20:58:14'),
(13, '13906858', 'Incluir', 'Entrenadores', '15452025', NULL, '2025-09-10 20:58:14'),
(14, '13906858', 'Incluir', 'Entrenadores', '24376807', NULL, '2025-09-10 20:58:14'),
(15, '13906858', 'Incluir', 'Entrenadores', '19163112', NULL, '2025-09-10 20:58:14'),
(16, '13906858', 'Incluir', 'Entrenadores', '24562672', NULL, '2025-09-10 20:58:14'),
(17, '13906858', 'Incluir', 'Entrenadores', '18897679', NULL, '2025-09-10 20:58:14'),
(18, '13906858', 'Incluir', 'Entrenadores', '25214604', NULL, '2025-09-10 20:58:14'),
(19, '13906858', 'Incluir', 'Entrenadores', '23278998', NULL, '2025-09-10 20:58:14'),
(20, '13906858', 'Incluir', 'Entrenadores', '19820199', NULL, '2025-09-10 20:58:14'),
(21, '13906858', 'Incluir', 'Entrenadores', '17154731', NULL, '2025-09-10 20:58:14'),
(22, '13906858', 'Incluir', 'Entrenadores', '18881297', NULL, '2025-09-10 20:58:14'),
(23, '13906858', 'Incluir', 'Entrenadores', '21623964', NULL, '2025-09-10 20:58:14'),
(24, '13906858', 'Incluir', 'Entrenadores', '12747411', NULL, '2025-09-10 20:58:14'),
(25, '13906858', 'Incluir', 'Entrenadores', '22304427', NULL, '2025-09-10 20:58:14'),
(26, '13906858', 'Incluir', 'Entrenadores', '21442504', NULL, '2025-09-10 20:58:14'),
(27, '13906858', 'Incluir', 'Entrenadores', '23265818', NULL, '2025-09-10 20:58:14'),
(28, '13906858', 'Incluir', 'Entrenadores', '26424376', NULL, '2025-09-10 20:58:14'),
(29, '13906858', 'Incluir', 'Entrenadores', '18811320', NULL, '2025-09-10 20:58:14'),
(30, '13906858', 'Incluir', 'Entrenadores', '19235548', NULL, '2025-09-10 20:58:14'),
(31, '13906858', 'Incluir', 'Entrenadores', '16621255', NULL, '2025-09-10 20:58:14'),
(32, '13906858', 'Incluir', 'Entrenadores', '17826689', NULL, '2025-09-10 20:58:14'),
(33, '13906858', 'Incluir', 'Entrenadores', '16981721', NULL, '2025-09-10 20:58:14'),
(34, '13906858', 'Incluir', 'Entrenadores', '16363840', NULL, '2025-09-10 20:58:14'),
(35, '13906858', 'Incluir', 'Entrenadores', '14435394', NULL, '2025-09-10 20:58:14'),
(36, '13906858', 'Incluir', 'Entrenadores', '22775982', NULL, '2025-09-10 20:58:14'),
(37, '13906858', 'Incluir', 'Entrenadores', '17667945', NULL, '2025-09-10 20:58:14'),
(38, '13906858', 'Incluir', 'Entrenadores', '17350751', NULL, '2025-09-10 20:58:14'),
(39, '13906858', 'Incluir', 'Entrenadores', '23382216', NULL, '2025-09-10 20:58:14'),
(40, '13906858', 'Incluir', 'Entrenadores', '25854179', NULL, '2025-09-10 20:58:14'),
(41, '13906858', 'Incluir', 'Entrenadores', '15334496', NULL, '2025-09-10 20:58:14'),
(42, '13906858', 'Incluir', 'Entrenadores', '25585441', NULL, '2025-09-10 20:58:14'),
(43, '13906858', 'Incluir', 'Entrenadores', '26232780', NULL, '2025-09-10 20:58:14'),
(44, '13906858', 'Incluir', 'Entrenadores', '24349302', NULL, '2025-09-10 20:58:14'),
(45, '13906858', 'Incluir', 'Entrenadores', '20259367', NULL, '2025-09-10 20:58:14'),
(46, '13906858', 'Incluir', 'Entrenadores', '16529884', NULL, '2025-09-10 20:58:14'),
(47, '13906858', 'Incluir', 'Entrenadores', '15914592', NULL, '2025-09-10 20:58:14'),
(48, '13906858', 'Incluir', 'Entrenadores', '22751168', NULL, '2025-09-10 20:58:14'),
(49, '13906858', 'Incluir', 'Entrenadores', '16404097', NULL, '2025-09-10 20:58:14'),
(50, '13906858', 'Incluir', 'Entrenadores', '24227773', NULL, '2025-09-10 20:58:14'),
(51, '13906858', 'Incluir', 'Entrenadores', '13267487', NULL, '2025-09-10 20:58:14'),
(52, '13906858', 'Incluir', 'Entrenadores', '25252233', NULL, '2025-09-10 20:58:14'),
(53, '13906858', 'Incluir', 'Entrenadores', '21926146', NULL, '2025-09-10 20:58:14'),
(54, '13906858', 'Incluir', 'Entrenadores', '16072883', NULL, '2025-09-10 20:58:14'),
(55, '13906858', 'Incluir', 'Entrenadores', '21253782', NULL, '2025-09-10 20:58:14'),
(56, '13906858', 'Incluir', 'Entrenadores', '20705401', NULL, '2025-09-10 20:58:14'),
(57, '13906858', 'Incluir', 'Entrenadores', '12795097', NULL, '2025-09-10 20:58:14'),
(58, '13906858', 'Incluir', 'Entrenadores', '13863438', NULL, '2025-09-10 20:58:14'),
(59, '13906858', 'Incluir', 'Entrenadores', '24897566', NULL, '2025-09-10 20:58:14'),
(60, '13906858', 'Incluir', 'Entrenadores', '20047181', NULL, '2025-09-10 20:58:14'),
(61, '13906858', 'Incluir', 'Entrenadores', '26462772', NULL, '2025-09-10 20:58:14'),
(62, '13906858', 'Incluir', 'Entrenadores', '19894659', NULL, '2025-09-10 20:58:14'),
(63, '13906858', 'Incluir', 'Entrenadores', '17987723', NULL, '2025-09-10 20:58:14'),
(64, '13906858', 'Incluir', 'Entrenadores', '21194294', NULL, '2025-09-10 20:58:14'),
(65, '13906858', 'Incluir', 'Entrenadores', '25055721', NULL, '2025-09-10 20:58:14'),
(66, '13906858', 'Incluir', 'Entrenadores', '17850436', NULL, '2025-09-10 20:58:14'),
(67, '13906858', 'Incluir', 'Entrenadores', '17145474', NULL, '2025-09-10 20:58:14'),
(68, '13906858', 'Incluir', 'Entrenadores', '17241194', NULL, '2025-09-10 20:58:14'),
(69, '13906858', 'Incluir', 'Entrenadores', '24885277', NULL, '2025-09-10 20:58:14'),
(70, '13906858', 'Incluir', 'Entrenadores', '25924556', NULL, '2025-09-10 20:58:14'),
(71, '13906858', 'Incluir', 'Entrenadores', '25013149', NULL, '2025-09-10 20:58:14'),
(72, '13906858', 'Incluir', 'Entrenadores', '21208039', NULL, '2025-09-10 20:58:14'),
(73, '13906858', 'Incluir', 'Entrenadores', '15091314', NULL, '2025-09-10 20:58:14'),
(74, '13906858', 'Incluir', 'Entrenadores', '23484602', NULL, '2025-09-10 20:58:14'),
(75, '13906858', 'Incluir', 'Entrenadores', '26487422', NULL, '2025-09-10 20:58:14'),
(76, '13906858', 'Incluir', 'Entrenadores', '13194737', NULL, '2025-09-10 20:58:14'),
(77, '13906858', 'Incluir', 'Entrenadores', '16277770', NULL, '2025-09-10 20:58:14'),
(78, '13906858', 'Incluir', 'Entrenadores', '18530893', NULL, '2025-09-10 20:58:14'),
(79, '13906858', 'Incluir', 'Entrenadores', '19178987', NULL, '2025-09-10 20:58:14'),
(80, '13906858', 'Incluir', 'Entrenadores', '19019982', NULL, '2025-09-10 20:58:14'),
(81, '13906858', 'Incluir', 'Entrenadores', '20860658', NULL, '2025-09-10 20:58:14'),
(82, '13906858', 'Incluir', 'Entrenadores', '16094001', NULL, '2025-09-10 20:58:14'),
(83, '13906858', 'Incluir', 'Entrenadores', '16231993', NULL, '2025-09-10 20:58:14'),
(84, '13906858', 'Incluir', 'Entrenadores', '21478650', NULL, '2025-09-10 20:58:14'),
(85, '13906858', 'Incluir', 'Entrenadores', '26052633', NULL, '2025-09-10 20:58:14'),
(86, '13906858', 'Incluir', 'Entrenadores', '25827573', NULL, '2025-09-10 20:58:14'),
(87, '13906858', 'Incluir', 'Entrenadores', '17704948', NULL, '2025-09-10 20:58:14'),
(88, '13906858', 'Incluir', 'Entrenadores', '24973655', NULL, '2025-09-10 20:58:14'),
(89, '13906858', 'Incluir', 'Entrenadores', '17280176', NULL, '2025-09-10 20:58:14'),
(90, '13906858', 'Incluir', 'Entrenadores', '14704222', NULL, '2025-09-10 20:58:14'),
(91, '13906858', 'Incluir', 'Entrenadores', '13616797', NULL, '2025-09-10 20:58:14'),
(92, '13906858', 'Incluir', 'Entrenadores', '18201989', NULL, '2025-09-10 20:58:14'),
(93, '13906858', 'Incluir', 'Entrenadores', '14427487', NULL, '2025-09-10 20:58:14'),
(94, '13906858', 'Incluir', 'Entrenadores', '25593118', NULL, '2025-09-10 20:58:14'),
(95, '13906858', 'Incluir', 'Entrenadores', '25480999', NULL, '2025-09-10 20:58:14'),
(96, '13906858', 'Incluir', 'Entrenadores', '21565350', NULL, '2025-09-10 20:58:14'),
(97, '13906858', 'Incluir', 'Entrenadores', '25506357', NULL, '2025-09-10 20:58:14'),
(98, '13906858', 'Incluir', 'Entrenadores', '20927873', NULL, '2025-09-10 20:58:14'),
(99, '13906858', 'Incluir', 'Entrenadores', '22431957', NULL, '2025-09-10 20:58:14'),
(100, '13906858', 'Incluir', 'Entrenadores', '16536744', NULL, '2025-09-10 20:58:14'),
(101, '13906858', 'Incluir', 'Entrenadores', '13259053', NULL, '2025-09-10 20:58:14'),
(102, '13906858', 'Incluir', 'Entrenadores', '26563569', NULL, '2025-09-10 20:58:14'),
(103, '13906858', 'Incluir', 'Entrenadores', '12792892', NULL, '2025-09-10 20:58:14'),
(104, '13906858', 'Incluir', 'Entrenadores', '21855423', NULL, '2025-09-10 20:58:14'),
(105, '13906858', 'Incluir', 'Entrenadores', '16652128', NULL, '2025-09-10 20:58:14'),
(106, '13906858', 'Incluir', 'Entrenadores', '25260575', NULL, '2025-09-10 20:58:14'),
(107, '13906858', 'Incluir', 'Entrenadores', '25675755', NULL, '2025-09-10 20:58:14'),
(108, '13906858', 'Incluir', 'Entrenadores', '20237927', NULL, '2025-09-10 20:58:14'),
(109, '13906858', 'Incluir', 'Entrenadores', '21263089', NULL, '2025-09-10 20:58:14'),
(110, '13906858', 'Incluir', 'Entrenadores', '13811661', NULL, '2025-09-10 20:58:14'),
(111, '13906858', 'Incluir', 'Entrenadores', '23101888', NULL, '2025-09-10 20:58:14'),
(112, '13906858', 'Incluir', 'Entrenadores', '24399545', NULL, '2025-09-10 20:58:14'),
(113, '13906858', 'Incluir', 'Entrenadores', '13399766', NULL, '2025-09-10 20:58:14'),
(114, '13906858', 'Incluir', 'Entrenadores', '14275196', NULL, '2025-09-10 20:58:14'),
(115, '13906858', 'Incluir', 'Entrenadores', '13482880', NULL, '2025-09-10 20:58:14'),
(116, '13906858', 'Incluir', 'Entrenadores', '17725255', NULL, '2025-09-10 20:58:14'),
(117, '13906858', 'Incluir', 'Entrenadores', '14900667', NULL, '2025-09-10 20:58:14'),
(118, '13906858', 'Incluir', 'Entrenadores', '23481215', NULL, '2025-09-10 20:58:14'),
(119, '13906858', 'Incluir', 'Entrenadores', '15361563', NULL, '2025-09-10 20:58:14'),
(120, '13906858', 'Incluir', 'Entrenadores', '18993219', NULL, '2025-09-10 20:58:14'),
(121, '13906858', 'Incluir', 'Entrenadores', '17767315', NULL, '2025-09-10 20:58:14'),
(122, '13906858', 'Incluir', 'Entrenadores', '14828391', NULL, '2025-09-10 20:58:14'),
(123, '13906858', 'Incluir', 'Entrenadores', '24871985', NULL, '2025-09-10 20:58:14'),
(124, '13906858', 'Incluir', 'Entrenadores', '17314401', NULL, '2025-09-10 20:58:14'),
(125, '13906858', 'Incluir', 'Entrenadores', '18035338', NULL, '2025-09-10 20:58:14'),
(126, '13906858', 'Incluir', 'Entrenadores', '16718688', NULL, '2025-09-10 20:58:14'),
(127, '13906858', 'Incluir', 'Entrenadores', '13144228', NULL, '2025-09-10 20:58:14'),
(128, '13906858', 'Incluir', 'Entrenadores', '18246821', NULL, '2025-09-10 20:58:14'),
(129, '13906858', 'Incluir', 'Entrenadores', '14449140', NULL, '2025-09-10 20:58:14'),
(130, '13906858', 'Incluir', 'Entrenadores', '24038739', NULL, '2025-09-10 20:58:14'),
(131, '13906858', 'Incluir', 'Entrenadores', '17792897', NULL, '2025-09-10 20:58:14'),
(132, '13906858', 'Incluir', 'Entrenadores', '13704121', NULL, '2025-09-10 20:58:14'),
(133, '13906858', 'Incluir', 'Entrenadores', '26022315', NULL, '2025-09-10 20:58:14'),
(134, '13906858', 'Incluir', 'Entrenadores', '23334805', NULL, '2025-09-10 20:58:14'),
(135, '13906858', 'Incluir', 'Entrenadores', '26018689', NULL, '2025-09-10 20:58:14'),
(136, '13906858', 'Incluir', 'Entrenadores', '14508739', NULL, '2025-09-10 20:58:14'),
(137, '13906858', 'Incluir', 'Entrenadores', '14273713', NULL, '2025-09-10 20:58:14'),
(138, '13906858', 'Incluir', 'Entrenadores', '14073912', NULL, '2025-09-10 20:58:14'),
(139, '13906858', 'Incluir', 'Entrenadores', '26430881', NULL, '2025-09-10 20:58:14'),
(140, '13906858', 'Incluir', 'Entrenadores', '14928215', NULL, '2025-09-10 20:58:14'),
(141, '13906858', 'Incluir', 'Entrenadores', '22510901', NULL, '2025-09-10 20:58:14'),
(142, '13906858', 'Incluir', 'Entrenadores', '13145243', NULL, '2025-09-10 20:58:14'),
(143, '13906858', 'Incluir', 'Entrenadores', '14139353', NULL, '2025-09-10 20:58:14'),
(144, '13906858', 'Incluir', 'Entrenadores', '13458903', NULL, '2025-09-10 20:58:14'),
(145, '13906858', 'Incluir', 'Entrenadores', '24943956', NULL, '2025-09-10 20:58:14'),
(146, '13906858', 'Incluir', 'Entrenadores', '14201844', NULL, '2025-09-10 20:58:14'),
(147, '13906858', 'Incluir', 'Entrenadores', '22969599', NULL, '2025-09-10 20:58:14'),
(148, '13906858', 'Incluir', 'Entrenadores', '20679040', NULL, '2025-09-10 20:58:14'),
(149, '13906858', 'Incluir', 'Entrenadores', '24191211', NULL, '2025-09-10 20:58:14'),
(150, '13906858', 'Incluir', 'Entrenadores', '24610840', NULL, '2025-09-10 20:58:14'),
(151, '13906858', 'Incluir', 'Entrenadores', '15362108', NULL, '2025-09-10 20:58:14'),
(152, '13906858', 'Incluir', 'Entrenadores', '17118608', NULL, '2025-09-10 20:58:14'),
(153, '13906858', 'Incluir', 'Atletas', '20633272', 'Se agregó el Atleta: 20633272 - Hernán Salazar Silva', '2025-09-10 20:58:15'),
(154, '13906858', 'Incluir', 'Atletas', '18152145', NULL, '2025-09-10 20:58:15'),
(155, '13906858', 'Incluir', 'Atletas', '16662887', NULL, '2025-09-10 20:58:15'),
(156, '13906858', 'Incluir', 'Atletas', '21843587', NULL, '2025-09-10 20:58:15'),
(157, '13906858', 'Incluir', 'Atletas', '23550969', NULL, '2025-09-10 20:58:15'),
(158, '13906858', 'Incluir', 'Atletas', '20533811', NULL, '2025-09-10 20:58:15'),
(159, '13906858', 'Incluir', 'Atletas', '24576850', NULL, '2025-09-10 20:58:15'),
(160, '13906858', 'Incluir', 'Atletas', '13959008', NULL, '2025-09-10 20:58:15'),
(161, '13906858', 'Incluir', 'Atletas', '15616092', NULL, '2025-09-10 20:58:15'),
(162, '13906858', 'Incluir', 'Atletas', '13278802', NULL, '2025-09-10 20:58:15'),
(163, '13906858', 'Incluir', 'Atletas', '15471522', NULL, '2025-09-10 20:58:15'),
(164, '13906858', 'Incluir', 'Atletas', '19825917', NULL, '2025-09-10 20:58:15'),
(165, '13906858', 'Incluir', 'Atletas', '15103377', NULL, '2025-09-10 20:58:15'),
(166, '13906858', 'Incluir', 'Atletas', '24301635', NULL, '2025-09-10 20:58:15'),
(167, '13906858', 'Incluir', 'Atletas', '25982843', NULL, '2025-09-10 20:58:15'),
(168, '13906858', 'Incluir', 'Atletas', '25165706', NULL, '2025-09-10 20:58:15'),
(169, '13906858', 'Incluir', 'Atletas', '18469940', NULL, '2025-09-10 20:58:15'),
(170, '13906858', 'Incluir', 'Atletas', '16050530', NULL, '2025-09-10 20:58:15'),
(171, '13906858', 'Incluir', 'Atletas', '23861615', NULL, '2025-09-10 20:58:15'),
(172, '13906858', 'Incluir', 'Atletas', '23779482', NULL, '2025-09-10 20:58:15'),
(173, '13906858', 'Incluir', 'Atletas', '17683547', NULL, '2025-09-10 20:58:15'),
(174, '13906858', 'Incluir', 'Atletas', '12917213', NULL, '2025-09-10 20:58:15'),
(175, '13906858', 'Incluir', 'Atletas', '17562322', NULL, '2025-09-10 20:58:15'),
(176, '13906858', 'Incluir', 'Atletas', '22734664', NULL, '2025-09-10 20:58:15'),
(177, '13906858', 'Incluir', 'Atletas', '22684489', NULL, '2025-09-10 20:58:15'),
(178, '13906858', 'Incluir', 'Atletas', '23007385', NULL, '2025-09-10 20:58:15'),
(179, '13906858', 'Incluir', 'Atletas', '16955797', NULL, '2025-09-10 20:58:15'),
(180, '13906858', 'Incluir', 'Atletas', '17739303', NULL, '2025-09-10 20:58:15'),
(181, '13906858', 'Incluir', 'Atletas', '18676054', NULL, '2025-09-10 20:58:15'),
(182, '13906858', 'Incluir', 'Atletas', '16739444', NULL, '2025-09-10 20:58:15'),
(183, '13906858', 'Incluir', 'Atletas', '14578971', NULL, '2025-09-10 20:58:15'),
(184, '13906858', 'Incluir', 'Atletas', '17335197', NULL, '2025-09-10 20:58:15'),
(185, '13906858', 'Incluir', 'Atletas', '15430279', NULL, '2025-09-10 20:58:15'),
(186, '13906858', 'Incluir', 'Atletas', '26040166', NULL, '2025-09-10 20:58:15'),
(187, '13906858', 'Incluir', 'Atletas', '24814613', NULL, '2025-09-10 20:58:15'),
(188, '13906858', 'Incluir', 'Atletas', '25038718', NULL, '2025-09-10 20:58:15'),
(189, '13906858', 'Incluir', 'Atletas', '23357320', NULL, '2025-09-10 20:58:15'),
(190, '13906858', 'Incluir', 'Atletas', '21861752', NULL, '2025-09-10 20:58:15'),
(191, '13906858', 'Incluir', 'Atletas', '24175203', NULL, '2025-09-10 20:58:15'),
(192, '13906858', 'Incluir', 'Atletas', '13320136', NULL, '2025-09-10 20:58:15'),
(193, '13906858', 'Incluir', 'Atletas', '20321618', NULL, '2025-09-10 20:58:15'),
(194, '13906858', 'Incluir', 'Atletas', '21081413', NULL, '2025-09-10 20:58:15'),
(195, '13906858', 'Incluir', 'Atletas', '25848796', NULL, '2025-09-10 20:58:15'),
(196, '13906858', 'Incluir', 'Atletas', '18842656', NULL, '2025-09-10 20:58:15'),
(197, '13906858', 'Incluir', 'Atletas', '13131998', NULL, '2025-09-10 20:58:15'),
(198, '13906858', 'Incluir', 'Atletas', '25078359', NULL, '2025-09-10 20:58:15'),
(199, '13906858', 'Incluir', 'Atletas', '13346901', NULL, '2025-09-10 20:58:15'),
(200, '13906858', 'Incluir', 'Atletas', '15714461', NULL, '2025-09-10 20:58:15'),
(201, '13906858', 'Incluir', 'Atletas', '18916667', NULL, '2025-09-10 20:58:15'),
(202, '13906858', 'Incluir', 'Atletas', '18702442', NULL, '2025-09-10 20:58:15'),
(203, '13906858', 'Incluir', 'Atletas', '25292400', NULL, '2025-09-10 20:58:15'),
(204, '13906858', 'Incluir', 'Atletas', '21056393', NULL, '2025-09-10 20:58:15'),
(205, '13906858', 'Incluir', 'Atletas', '21410145', NULL, '2025-09-10 20:58:15'),
(206, '13906858', 'Incluir', 'Atletas', '18594972', NULL, '2025-09-10 20:58:15'),
(207, '13906858', 'Incluir', 'Atletas', '15913594', NULL, '2025-09-10 20:58:15'),
(208, '13906858', 'Incluir', 'Atletas', '18417978', NULL, '2025-09-10 20:58:15'),
(209, '13906858', 'Incluir', 'Atletas', '25892158', NULL, '2025-09-10 20:58:15'),
(210, '13906858', 'Incluir', 'Atletas', '20061612', NULL, '2025-09-10 20:58:15'),
(211, '13906858', 'Incluir', 'Atletas', '26638210', NULL, '2025-09-10 20:58:15'),
(212, '13906858', 'Incluir', 'Atletas', '20003401', NULL, '2025-09-10 20:58:15'),
(213, '13906858', 'Incluir', 'Atletas', '17073909', NULL, '2025-09-10 20:58:15'),
(214, '13906858', 'Incluir', 'Atletas', '14862407', NULL, '2025-09-10 20:58:15'),
(215, '13906858', 'Incluir', 'Atletas', '22616883', NULL, '2025-09-10 20:58:15'),
(216, '13906858', 'Incluir', 'Atletas', '14481000', NULL, '2025-09-10 20:58:15'),
(217, '13906858', 'Incluir', 'Atletas', '14306498', NULL, '2025-09-10 20:58:15'),
(218, '13906858', 'Incluir', 'Atletas', '12772086', NULL, '2025-09-10 20:58:15'),
(219, '13906858', 'Incluir', 'Atletas', '20479437', NULL, '2025-09-10 20:58:15'),
(220, '13906858', 'Incluir', 'Atletas', '21705826', NULL, '2025-09-10 20:58:15'),
(221, '13906858', 'Incluir', 'Atletas', '24386209', NULL, '2025-09-10 20:58:15'),
(222, '13906858', 'Incluir', 'Atletas', '25276244', NULL, '2025-09-10 20:58:15'),
(223, '13906858', 'Incluir', 'Atletas', '22184089', NULL, '2025-09-10 20:58:15'),
(224, '13906858', 'Incluir', 'Atletas', '17228491', NULL, '2025-09-10 20:58:15'),
(225, '13906858', 'Incluir', 'Atletas', '15272925', NULL, '2025-09-10 20:58:15'),
(226, '13906858', 'Incluir', 'Atletas', '17150171', NULL, '2025-09-10 20:58:15'),
(227, '13906858', 'Incluir', 'Atletas', '17220889', NULL, '2025-09-10 20:58:15'),
(228, '13906858', 'Incluir', 'Atletas', '24718127', NULL, '2025-09-10 20:58:15'),
(229, '13906858', 'Incluir', 'Atletas', '26417092', NULL, '2025-09-10 20:58:15'),
(230, '13906858', 'Incluir', 'Atletas', '24795116', NULL, '2025-09-10 20:58:15'),
(231, '13906858', 'Incluir', 'Atletas', '24056944', NULL, '2025-09-10 20:58:15'),
(232, '13906858', 'Incluir', 'Atletas', '16120584', NULL, '2025-09-10 20:58:15'),
(233, '13906858', 'Incluir', 'Atletas', '18634610', NULL, '2025-09-10 20:58:15'),
(234, '13906858', 'Incluir', 'Atletas', '14085766', NULL, '2025-09-10 20:58:15'),
(235, '13906858', 'Incluir', 'Atletas', '13149274', NULL, '2025-09-10 20:58:15'),
(236, '13906858', 'Incluir', 'Atletas', '15269720', NULL, '2025-09-10 20:58:15'),
(237, '13906858', 'Incluir', 'Atletas', '21717051', NULL, '2025-09-10 20:58:15'),
(238, '13906858', 'Incluir', 'Atletas', '19481112', NULL, '2025-09-10 20:58:15'),
(239, '13906858', 'Incluir', 'Atletas', '16543552', NULL, '2025-09-10 20:58:15'),
(240, '13906858', 'Incluir', 'Atletas', '25719526', NULL, '2025-09-10 20:58:15'),
(241, '13906858', 'Incluir', 'Atletas', '23262058', NULL, '2025-09-10 20:58:15'),
(242, '13906858', 'Incluir', 'Atletas', '18358283', NULL, '2025-09-10 20:58:15'),
(243, '13906858', 'Incluir', 'Atletas', '12975478', NULL, '2025-09-10 20:58:15'),
(244, '13906858', 'Incluir', 'Atletas', '17196042', NULL, '2025-09-10 20:58:15'),
(245, '13906858', 'Incluir', 'Atletas', '14417017', NULL, '2025-09-10 20:58:15'),
(246, '13906858', 'Incluir', 'Atletas', '21134614', NULL, '2025-09-10 20:58:15'),
(247, '13906858', 'Incluir', 'Atletas', '18165359', NULL, '2025-09-10 20:58:15'),
(248, '13906858', 'Incluir', 'Atletas', '12977096', NULL, '2025-09-10 20:58:15'),
(249, '13906858', 'Incluir', 'Atletas', '24711762', NULL, '2025-09-10 20:58:15'),
(250, '13906858', 'Incluir', 'Atletas', '16233536', NULL, '2025-09-10 20:58:15'),
(251, '13906858', 'Incluir', 'Atletas', '18163473', NULL, '2025-09-10 20:58:15'),
(252, '13906858', 'Incluir', 'Atletas', '15636478', NULL, '2025-09-10 20:58:15'),
(253, '13906858', 'Incluir', 'Atletas', '15056699', NULL, '2025-09-10 20:58:15'),
(254, '13906858', 'Incluir', 'Atletas', '18726152', NULL, '2025-09-10 20:58:15'),
(255, '13906858', 'Incluir', 'Atletas', '16286427', NULL, '2025-09-10 20:58:15'),
(256, '13906858', 'Incluir', 'Atletas', '22247221', NULL, '2025-09-10 20:58:15'),
(257, '13906858', 'Incluir', 'Atletas', '13998602', NULL, '2025-09-10 20:58:15'),
(258, '13906858', 'Incluir', 'Atletas', '12942617', NULL, '2025-09-10 20:58:15'),
(259, '13906858', 'Incluir', 'Atletas', '13700390', NULL, '2025-09-10 20:58:15'),
(260, '13906858', 'Incluir', 'Atletas', '15360999', NULL, '2025-09-10 20:58:15'),
(261, '13906858', 'Incluir', 'Atletas', '22663799', NULL, '2025-09-10 20:58:15'),
(262, '13906858', 'Incluir', 'Atletas', '14439365', NULL, '2025-09-10 20:58:15'),
(263, '13906858', 'Incluir', 'Atletas', '19675898', NULL, '2025-09-10 20:58:15'),
(264, '13906858', 'Incluir', 'Atletas', '21772305', NULL, '2025-09-10 20:58:15'),
(265, '13906858', 'Incluir', 'Atletas', '21790190', NULL, '2025-09-10 20:58:15'),
(266, '13906858', 'Incluir', 'Atletas', '26643236', NULL, '2025-09-10 20:58:15'),
(267, '13906858', 'Incluir', 'Atletas', '17527328', NULL, '2025-09-10 20:58:15'),
(268, '13906858', 'Incluir', 'Atletas', '21658752', NULL, '2025-09-10 20:58:15'),
(269, '13906858', 'Incluir', 'Atletas', '21196756', NULL, '2025-09-10 20:58:15'),
(270, '13906858', 'Incluir', 'Atletas', '20736882', NULL, '2025-09-10 20:58:15'),
(271, '13906858', 'Incluir', 'Atletas', '25892495', NULL, '2025-09-10 20:58:15'),
(272, '13906858', 'Incluir', 'Atletas', '23444636', NULL, '2025-09-10 20:58:15'),
(273, '13906858', 'Incluir', 'Atletas', '19810099', NULL, '2025-09-10 20:58:15'),
(274, '13906858', 'Incluir', 'Atletas', '23162294', NULL, '2025-09-10 20:58:15'),
(275, '13906858', 'Incluir', 'Atletas', '18891596', NULL, '2025-09-10 20:58:15'),
(276, '13906858', 'Incluir', 'Atletas', '13754392', NULL, '2025-09-10 20:58:15'),
(277, '13906858', 'Incluir', 'Atletas', '17832642', NULL, '2025-09-10 20:58:15'),
(278, '13906858', 'Incluir', 'Atletas', '13005500', NULL, '2025-09-10 20:58:15'),
(279, '13906858', 'Incluir', 'Atletas', '21391993', NULL, '2025-09-10 20:58:15'),
(280, '13906858', 'Incluir', 'Atletas', '13056599', NULL, '2025-09-10 20:58:15'),
(281, '13906858', 'Incluir', 'Atletas', '13337271', NULL, '2025-09-10 20:58:15'),
(282, '13906858', 'Incluir', 'Atletas', '13313513', NULL, '2025-09-10 20:58:15'),
(283, '13906858', 'Incluir', 'Atletas', '17671385', NULL, '2025-09-10 20:58:15'),
(284, '13906858', 'Incluir', 'Atletas', '14239818', NULL, '2025-09-10 20:58:15'),
(285, '13906858', 'Incluir', 'Atletas', '19634029', NULL, '2025-09-10 20:58:15'),
(286, '13906858', 'Incluir', 'Atletas', '18945098', NULL, '2025-09-10 20:58:15'),
(287, '13906858', 'Incluir', 'Atletas', '19904626', NULL, '2025-09-10 20:58:15'),
(288, '13906858', 'Incluir', 'Atletas', '14485245', NULL, '2025-09-10 20:58:15'),
(289, '13906858', 'Incluir', 'Atletas', '13051888', NULL, '2025-09-10 20:58:15'),
(290, '13906858', 'Incluir', 'Atletas', '17181012', NULL, '2025-09-10 20:58:15'),
(291, '13906858', 'Incluir', 'Atletas', '14106849', NULL, '2025-09-10 20:58:15'),
(292, '13906858', 'Incluir', 'Atletas', '16689305', NULL, '2025-09-10 20:58:15'),
(293, '13906858', 'Incluir', 'Atletas', '15613896', NULL, '2025-09-10 20:58:15'),
(294, '13906858', 'Incluir', 'Atletas', '25528818', NULL, '2025-09-10 20:58:15'),
(295, '13906858', 'Incluir', 'Atletas', '17548749', NULL, '2025-09-10 20:58:15'),
(296, '13906858', 'Incluir', 'Atletas', '13120290', NULL, '2025-09-10 20:58:15'),
(297, '13906858', 'Incluir', 'Atletas', '15997716', NULL, '2025-09-10 20:58:15'),
(298, '13906858', 'Incluir', 'Atletas', '24033933', NULL, '2025-09-10 20:58:15'),
(299, '13906858', 'Incluir', 'Atletas', '17094957', NULL, '2025-09-10 20:58:15'),
(300, '13906858', 'Incluir', 'Atletas', '21754724', NULL, '2025-09-10 20:58:15'),
(301, '13906858', 'Incluir', 'Atletas', '13052282', NULL, '2025-09-10 20:58:15'),
(302, '13906858', 'Incluir', 'Atletas', '17407353', NULL, '2025-09-10 20:58:15'),
(303, '28609560', 'Modificar', 'Atletas', '12772086', NULL, '2025-09-11 14:51:40'),
(304, '28609560', 'Modificar', 'Atletas', '12917213', NULL, '2025-09-11 14:51:40'),
(305, '28609560', 'Modificar', 'Atletas', '12942617', NULL, '2025-09-11 14:51:40'),
(306, '28609560', 'Modificar', 'Atletas', '12975478', NULL, '2025-09-11 14:51:40'),
(307, '28609560', 'Modificar', 'Atletas', '12977096', NULL, '2025-09-11 14:51:40'),
(308, '28609560', 'Modificar', 'Atletas', '13005500', NULL, '2025-09-11 14:51:40'),
(309, '28609560', 'Modificar', 'Atletas', '13051888', NULL, '2025-09-11 14:51:40'),
(310, '28609560', 'Modificar', 'Atletas', '13052282', NULL, '2025-09-11 14:51:40'),
(311, '28609560', 'Modificar', 'Atletas', '13056599', NULL, '2025-09-11 14:51:40'),
(312, '28609560', 'Modificar', 'Atletas', '13120290', NULL, '2025-09-11 14:51:40'),
(313, '28609560', 'Modificar', 'Atletas', '13131998', NULL, '2025-09-11 14:51:40'),
(314, '28609560', 'Modificar', 'Atletas', '13149274', NULL, '2025-09-11 14:51:40'),
(315, '28609560', 'Modificar', 'Atletas', '13278802', NULL, '2025-09-11 14:51:40'),
(316, '28609560', 'Modificar', 'Atletas', '13313513', NULL, '2025-09-11 14:51:40'),
(317, '28609560', 'Modificar', 'Atletas', '13320136', NULL, '2025-09-11 14:51:40'),
(318, '28609560', 'Modificar', 'Atletas', '13337271', NULL, '2025-09-11 14:51:40'),
(319, '28609560', 'Modificar', 'Atletas', '13346901', NULL, '2025-09-11 14:51:40'),
(320, '28609560', 'Modificar', 'Atletas', '13700390', NULL, '2025-09-11 14:51:40'),
(321, '28609560', 'Modificar', 'Atletas', '13754392', NULL, '2025-09-11 14:51:40'),
(322, '28609560', 'Modificar', 'Atletas', '13959008', NULL, '2025-09-11 14:51:40'),
(323, '28609560', 'Modificar', 'Atletas', '13998602', NULL, '2025-09-11 14:51:40'),
(324, '28609560', 'Modificar', 'Atletas', '14085766', NULL, '2025-09-11 14:51:40'),
(325, '28609560', 'Modificar', 'Atletas', '14106849', NULL, '2025-09-11 14:51:40'),
(326, '28609560', 'Modificar', 'Atletas', '14239818', NULL, '2025-09-11 14:51:40'),
(327, '28609560', 'Modificar', 'Atletas', '14306498', NULL, '2025-09-11 14:51:40'),
(328, '28609560', 'Modificar', 'Atletas', '14417017', NULL, '2025-09-11 14:51:40'),
(329, '28609560', 'Modificar', 'Atletas', '14439365', NULL, '2025-09-11 14:51:40'),
(330, '28609560', 'Modificar', 'Atletas', '14481000', NULL, '2025-09-11 14:51:40'),
(331, '28609560', 'Modificar', 'Atletas', '14485245', NULL, '2025-09-11 14:51:40'),
(332, '28609560', 'Modificar', 'Atletas', '14578971', NULL, '2025-09-11 14:51:40'),
(333, '28609560', 'Modificar', 'Atletas', '14862407', NULL, '2025-09-11 14:51:40'),
(334, '28609560', 'Modificar', 'Atletas', '15056699', NULL, '2025-09-11 14:51:40'),
(335, '28609560', 'Modificar', 'Atletas', '15103377', NULL, '2025-09-11 14:51:40'),
(336, '28609560', 'Modificar', 'Atletas', '15269720', NULL, '2025-09-11 14:51:40'),
(337, '28609560', 'Modificar', 'Atletas', '15272925', NULL, '2025-09-11 14:51:40'),
(338, '28609560', 'Modificar', 'Atletas', '15360999', NULL, '2025-09-11 14:51:40'),
(339, '28609560', 'Modificar', 'Atletas', '15430279', NULL, '2025-09-11 14:51:40'),
(340, '28609560', 'Modificar', 'Atletas', '15471522', NULL, '2025-09-11 14:51:40'),
(341, '28609560', 'Modificar', 'Atletas', '15613896', NULL, '2025-09-11 14:51:40'),
(342, '28609560', 'Modificar', 'Atletas', '15616092', NULL, '2025-09-11 14:51:40'),
(343, '28609560', 'Modificar', 'Atletas', '15636478', NULL, '2025-09-11 14:51:40'),
(344, '28609560', 'Modificar', 'Atletas', '15714461', NULL, '2025-09-11 14:51:40'),
(345, '28609560', 'Modificar', 'Atletas', '15913594', NULL, '2025-09-11 14:51:40'),
(346, '28609560', 'Modificar', 'Atletas', '15997716', NULL, '2025-09-11 14:51:40'),
(347, '28609560', 'Modificar', 'Atletas', '16050530', NULL, '2025-09-11 14:51:40'),
(348, '28609560', 'Modificar', 'Atletas', '16120584', NULL, '2025-09-11 14:51:40'),
(349, '28609560', 'Modificar', 'Atletas', '16233536', NULL, '2025-09-11 14:51:40'),
(350, '28609560', 'Modificar', 'Atletas', '16286427', NULL, '2025-09-11 14:51:40'),
(351, '28609560', 'Modificar', 'Atletas', '16543552', NULL, '2025-09-11 14:51:40'),
(352, '28609560', 'Modificar', 'Atletas', '16662887', NULL, '2025-09-11 14:51:40'),
(353, '28609560', 'Modificar', 'Atletas', '16689305', NULL, '2025-09-11 14:51:40'),
(354, '28609560', 'Modificar', 'Atletas', '16739444', NULL, '2025-09-11 14:51:40'),
(355, '28609560', 'Modificar', 'Atletas', '16955797', NULL, '2025-09-11 14:51:40'),
(356, '28609560', 'Modificar', 'Atletas', '17073909', NULL, '2025-09-11 14:51:40'),
(357, '28609560', 'Modificar', 'Atletas', '17094957', NULL, '2025-09-11 14:51:40'),
(358, '28609560', 'Modificar', 'Atletas', '17150171', NULL, '2025-09-11 14:51:40'),
(359, '28609560', 'Modificar', 'Atletas', '17181012', NULL, '2025-09-11 14:51:40'),
(360, '28609560', 'Modificar', 'Atletas', '17196042', NULL, '2025-09-11 14:51:40'),
(361, '28609560', 'Modificar', 'Atletas', '17220889', NULL, '2025-09-11 14:51:40'),
(362, '28609560', 'Modificar', 'Atletas', '17228491', NULL, '2025-09-11 14:51:40'),
(363, '28609560', 'Modificar', 'Atletas', '17335197', NULL, '2025-09-11 14:51:40'),
(364, '28609560', 'Modificar', 'Atletas', '17407353', NULL, '2025-09-11 14:51:40'),
(365, '28609560', 'Modificar', 'Atletas', '17527328', NULL, '2025-09-11 14:51:40'),
(366, '28609560', 'Modificar', 'Atletas', '17548749', NULL, '2025-09-11 14:51:40'),
(367, '28609560', 'Modificar', 'Atletas', '17562322', NULL, '2025-09-11 14:51:40'),
(368, '28609560', 'Modificar', 'Atletas', '17671385', NULL, '2025-09-11 14:51:40'),
(369, '28609560', 'Modificar', 'Atletas', '17683547', NULL, '2025-09-11 14:51:40'),
(370, '28609560', 'Modificar', 'Atletas', '17739303', NULL, '2025-09-11 14:51:40'),
(371, '28609560', 'Modificar', 'Atletas', '17832642', NULL, '2025-09-11 14:51:40'),
(372, '28609560', 'Modificar', 'Atletas', '18152145', NULL, '2025-09-11 14:51:40'),
(373, '28609560', 'Modificar', 'Atletas', '18163473', NULL, '2025-09-11 14:51:40'),
(374, '28609560', 'Modificar', 'Atletas', '18165359', NULL, '2025-09-11 14:51:40'),
(375, '28609560', 'Modificar', 'Atletas', '18358283', NULL, '2025-09-11 14:51:40'),
(376, '28609560', 'Modificar', 'Atletas', '18417978', NULL, '2025-09-11 14:51:40'),
(377, '28609560', 'Modificar', 'Atletas', '18469940', NULL, '2025-09-11 14:51:40'),
(378, '28609560', 'Modificar', 'Atletas', '18594972', NULL, '2025-09-11 14:51:40'),
(379, '28609560', 'Modificar', 'Atletas', '18634610', NULL, '2025-09-11 14:51:40'),
(380, '28609560', 'Modificar', 'Atletas', '18676054', NULL, '2025-09-11 14:51:40'),
(381, '28609560', 'Modificar', 'Atletas', '18702442', NULL, '2025-09-11 14:51:40'),
(382, '28609560', 'Modificar', 'Atletas', '18726152', NULL, '2025-09-11 14:51:40'),
(383, '28609560', 'Modificar', 'Atletas', '18842656', NULL, '2025-09-11 14:51:40'),
(384, '28609560', 'Modificar', 'Atletas', '18891596', NULL, '2025-09-11 14:51:40'),
(385, '28609560', 'Modificar', 'Atletas', '18916667', NULL, '2025-09-11 14:51:40'),
(386, '28609560', 'Modificar', 'Atletas', '18945098', NULL, '2025-09-11 14:51:40'),
(387, '28609560', 'Modificar', 'Atletas', '19481112', NULL, '2025-09-11 14:51:40'),
(388, '28609560', 'Modificar', 'Atletas', '19634029', NULL, '2025-09-11 14:51:40'),
(389, '28609560', 'Modificar', 'Atletas', '19675898', NULL, '2025-09-11 14:51:40'),
(390, '28609560', 'Modificar', 'Atletas', '19810099', NULL, '2025-09-11 14:51:40'),
(391, '28609560', 'Modificar', 'Atletas', '19825917', NULL, '2025-09-11 14:51:40'),
(392, '28609560', 'Modificar', 'Atletas', '19904626', NULL, '2025-09-11 14:51:40'),
(393, '28609560', 'Modificar', 'Atletas', '20003401', NULL, '2025-09-11 14:51:40'),
(394, '28609560', 'Modificar', 'Atletas', '20061612', NULL, '2025-09-11 14:51:40'),
(395, '28609560', 'Modificar', 'Atletas', '20321618', NULL, '2025-09-11 14:51:40'),
(396, '28609560', 'Modificar', 'Atletas', '20479437', NULL, '2025-09-11 14:51:40'),
(397, '28609560', 'Modificar', 'Atletas', '20533811', NULL, '2025-09-11 14:51:40'),
(398, '28609560', 'Modificar', 'Atletas', '20633272', NULL, '2025-09-11 14:51:40'),
(399, '28609560', 'Modificar', 'Atletas', '20736882', NULL, '2025-09-11 14:51:40'),
(400, '28609560', 'Modificar', 'Atletas', '21056393', NULL, '2025-09-11 14:51:40'),
(401, '28609560', 'Modificar', 'Atletas', '21081413', NULL, '2025-09-11 14:51:40'),
(402, '28609560', 'Modificar', 'Atletas', '21134614', NULL, '2025-09-11 14:51:40'),
(403, '28609560', 'Modificar', 'Atletas', '21196756', NULL, '2025-09-11 14:51:40'),
(404, '28609560', 'Modificar', 'Atletas', '21391993', NULL, '2025-09-11 14:51:40'),
(405, '28609560', 'Modificar', 'Atletas', '21410145', NULL, '2025-09-11 14:51:40'),
(406, '28609560', 'Modificar', 'Atletas', '21658752', NULL, '2025-09-11 14:51:40'),
(407, '28609560', 'Modificar', 'Atletas', '21705826', NULL, '2025-09-11 14:51:40'),
(408, '28609560', 'Modificar', 'Atletas', '21717051', NULL, '2025-09-11 14:51:40'),
(409, '28609560', 'Modificar', 'Atletas', '21754724', NULL, '2025-09-11 14:51:40'),
(410, '28609560', 'Modificar', 'Atletas', '21772305', NULL, '2025-09-11 14:51:40'),
(411, '28609560', 'Modificar', 'Atletas', '21790190', NULL, '2025-09-11 14:51:40'),
(412, '28609560', 'Modificar', 'Atletas', '21843587', NULL, '2025-09-11 14:51:40'),
(413, '28609560', 'Modificar', 'Atletas', '21861752', NULL, '2025-09-11 14:51:40'),
(414, '28609560', 'Modificar', 'Atletas', '22184089', NULL, '2025-09-11 14:51:40'),
(415, '28609560', 'Modificar', 'Atletas', '22247221', NULL, '2025-09-11 14:51:40'),
(416, '28609560', 'Modificar', 'Atletas', '22616883', NULL, '2025-09-11 14:51:40'),
(417, '28609560', 'Modificar', 'Atletas', '22663799', NULL, '2025-09-11 14:51:40'),
(418, '28609560', 'Modificar', 'Atletas', '22684489', NULL, '2025-09-11 14:51:40'),
(419, '28609560', 'Modificar', 'Atletas', '22734664', NULL, '2025-09-11 14:51:40'),
(420, '28609560', 'Modificar', 'Atletas', '23007385', NULL, '2025-09-11 14:51:40'),
(421, '28609560', 'Modificar', 'Atletas', '23162294', NULL, '2025-09-11 14:51:40'),
(422, '28609560', 'Modificar', 'Atletas', '23262058', NULL, '2025-09-11 14:51:40'),
(423, '28609560', 'Modificar', 'Atletas', '23357320', NULL, '2025-09-11 14:51:40'),
(424, '28609560', 'Modificar', 'Atletas', '23444636', NULL, '2025-09-11 14:51:40'),
(425, '28609560', 'Modificar', 'Atletas', '23550969', NULL, '2025-09-11 14:51:40'),
(426, '28609560', 'Modificar', 'Atletas', '23779482', NULL, '2025-09-11 14:51:40'),
(427, '28609560', 'Modificar', 'Atletas', '23861615', NULL, '2025-09-11 14:51:40'),
(428, '28609560', 'Modificar', 'Atletas', '24033933', NULL, '2025-09-11 14:51:40'),
(429, '28609560', 'Modificar', 'Atletas', '24056944', NULL, '2025-09-11 14:51:40'),
(430, '28609560', 'Modificar', 'Atletas', '24175203', NULL, '2025-09-11 14:51:40'),
(431, '28609560', 'Modificar', 'Atletas', '24301635', NULL, '2025-09-11 14:51:40'),
(432, '28609560', 'Modificar', 'Atletas', '24386209', NULL, '2025-09-11 14:51:40'),
(433, '28609560', 'Modificar', 'Atletas', '24576850', NULL, '2025-09-11 14:51:40'),
(434, '28609560', 'Modificar', 'Atletas', '24711762', NULL, '2025-09-11 14:51:40'),
(435, '28609560', 'Modificar', 'Atletas', '24718127', NULL, '2025-09-11 14:51:40'),
(436, '28609560', 'Modificar', 'Atletas', '24795116', NULL, '2025-09-11 14:51:40'),
(437, '28609560', 'Modificar', 'Atletas', '24814613', NULL, '2025-09-11 14:51:40'),
(438, '28609560', 'Modificar', 'Atletas', '25038718', NULL, '2025-09-11 14:51:40'),
(439, '28609560', 'Modificar', 'Atletas', '25078359', NULL, '2025-09-11 14:51:40'),
(440, '28609560', 'Modificar', 'Atletas', '25165706', NULL, '2025-09-11 14:51:40'),
(441, '28609560', 'Modificar', 'Atletas', '25276244', NULL, '2025-09-11 14:51:40'),
(442, '28609560', 'Modificar', 'Atletas', '25292400', NULL, '2025-09-11 14:51:40'),
(443, '28609560', 'Modificar', 'Atletas', '25528818', NULL, '2025-09-11 14:51:40'),
(444, '28609560', 'Modificar', 'Atletas', '25719526', NULL, '2025-09-11 14:51:40'),
(445, '28609560', 'Modificar', 'Atletas', '25848796', NULL, '2025-09-11 14:51:40'),
(446, '28609560', 'Modificar', 'Atletas', '25892158', NULL, '2025-09-11 14:51:40'),
(447, '28609560', 'Modificar', 'Atletas', '25892495', NULL, '2025-09-11 14:51:40'),
(448, '28609560', 'Modificar', 'Atletas', '25982843', NULL, '2025-09-11 14:51:40'),
(449, '28609560', 'Modificar', 'Atletas', '26040166', NULL, '2025-09-11 14:51:40'),
(450, '28609560', 'Modificar', 'Atletas', '26417092', NULL, '2025-09-11 14:51:40'),
(451, '28609560', 'Modificar', 'Atletas', '26638210', NULL, '2025-09-11 14:51:40'),
(452, '28609560', 'Modificar', 'Atletas', '26643236', NULL, '2025-09-11 14:51:40'),
(453, '28609560', 'Modificar', 'Atletas', '12772086', NULL, '2025-09-11 14:54:08'),
(454, '28609560', 'Modificar', 'Atletas', '12917213', NULL, '2025-09-11 14:54:08'),
(455, '28609560', 'Modificar', 'Atletas', '12942617', NULL, '2025-09-11 14:54:08'),
(456, '28609560', 'Modificar', 'Atletas', '12975478', NULL, '2025-09-11 14:54:08'),
(457, '28609560', 'Modificar', 'Atletas', '12977096', NULL, '2025-09-11 14:54:08'),
(458, '28609560', 'Modificar', 'Atletas', '13005500', NULL, '2025-09-11 14:54:08'),
(459, '28609560', 'Modificar', 'Atletas', '13051888', NULL, '2025-09-11 14:54:08'),
(460, '28609560', 'Modificar', 'Atletas', '13052282', NULL, '2025-09-11 14:54:08'),
(461, '28609560', 'Modificar', 'Atletas', '13056599', NULL, '2025-09-11 14:54:08'),
(462, '28609560', 'Modificar', 'Atletas', '13120290', NULL, '2025-09-11 14:54:08'),
(463, '28609560', 'Modificar', 'Atletas', '13131998', NULL, '2025-09-11 14:54:08'),
(464, '28609560', 'Modificar', 'Atletas', '13149274', NULL, '2025-09-11 14:54:08'),
(465, '28609560', 'Modificar', 'Atletas', '13278802', NULL, '2025-09-11 14:54:08'),
(466, '28609560', 'Modificar', 'Atletas', '13313513', NULL, '2025-09-11 14:54:08'),
(467, '28609560', 'Modificar', 'Atletas', '13320136', NULL, '2025-09-11 14:54:08'),
(468, '28609560', 'Modificar', 'Atletas', '13337271', NULL, '2025-09-11 14:54:08'),
(469, '28609560', 'Modificar', 'Atletas', '13346901', NULL, '2025-09-11 14:54:08'),
(470, '28609560', 'Modificar', 'Atletas', '13700390', NULL, '2025-09-11 14:54:08'),
(471, '28609560', 'Modificar', 'Atletas', '13754392', NULL, '2025-09-11 14:54:08'),
(472, '28609560', 'Modificar', 'Atletas', '13959008', NULL, '2025-09-11 14:54:08'),
(473, '28609560', 'Modificar', 'Atletas', '13998602', NULL, '2025-09-11 14:54:08'),
(474, '28609560', 'Modificar', 'Atletas', '14085766', NULL, '2025-09-11 14:54:08'),
(475, '28609560', 'Modificar', 'Atletas', '14106849', NULL, '2025-09-11 14:54:08'),
(476, '28609560', 'Modificar', 'Atletas', '14239818', NULL, '2025-09-11 14:54:08'),
(477, '28609560', 'Modificar', 'Atletas', '14306498', NULL, '2025-09-11 14:54:08'),
(478, '28609560', 'Modificar', 'Atletas', '14417017', NULL, '2025-09-11 14:54:08'),
(479, '28609560', 'Modificar', 'Atletas', '14439365', NULL, '2025-09-11 14:54:08'),
(480, '28609560', 'Modificar', 'Atletas', '14481000', NULL, '2025-09-11 14:54:08'),
(481, '28609560', 'Modificar', 'Atletas', '14485245', NULL, '2025-09-11 14:54:08'),
(482, '28609560', 'Modificar', 'Atletas', '14578971', NULL, '2025-09-11 14:54:08'),
(483, '28609560', 'Modificar', 'Atletas', '14862407', NULL, '2025-09-11 14:54:08'),
(484, '28609560', 'Modificar', 'Atletas', '15056699', NULL, '2025-09-11 14:54:08'),
(485, '28609560', 'Modificar', 'Atletas', '15103377', NULL, '2025-09-11 14:54:08'),
(486, '28609560', 'Modificar', 'Atletas', '15269720', NULL, '2025-09-11 14:54:08'),
(487, '28609560', 'Modificar', 'Atletas', '15272925', NULL, '2025-09-11 14:54:08'),
(488, '28609560', 'Modificar', 'Atletas', '15360999', NULL, '2025-09-11 14:54:08'),
(489, '28609560', 'Modificar', 'Atletas', '15430279', NULL, '2025-09-11 14:54:08'),
(490, '28609560', 'Modificar', 'Atletas', '15471522', NULL, '2025-09-11 14:54:08'),
(491, '28609560', 'Modificar', 'Atletas', '15613896', NULL, '2025-09-11 14:54:08'),
(492, '28609560', 'Modificar', 'Atletas', '15616092', NULL, '2025-09-11 14:54:08'),
(493, '28609560', 'Modificar', 'Atletas', '15636478', NULL, '2025-09-11 14:54:08'),
(494, '28609560', 'Modificar', 'Atletas', '15714461', NULL, '2025-09-11 14:54:08'),
(495, '28609560', 'Modificar', 'Atletas', '15913594', NULL, '2025-09-11 14:54:08'),
(496, '28609560', 'Modificar', 'Atletas', '15997716', NULL, '2025-09-11 14:54:08'),
(497, '28609560', 'Modificar', 'Atletas', '16050530', NULL, '2025-09-11 14:54:08'),
(498, '28609560', 'Modificar', 'Atletas', '16120584', NULL, '2025-09-11 14:54:08'),
(499, '28609560', 'Modificar', 'Atletas', '16233536', NULL, '2025-09-11 14:54:08'),
(500, '28609560', 'Modificar', 'Atletas', '16286427', NULL, '2025-09-11 14:54:08'),
(501, '28609560', 'Modificar', 'Atletas', '16543552', NULL, '2025-09-11 14:54:08'),
(502, '28609560', 'Modificar', 'Atletas', '16662887', NULL, '2025-09-11 14:54:08'),
(503, '28609560', 'Modificar', 'Atletas', '16689305', NULL, '2025-09-11 14:54:08'),
(504, '28609560', 'Modificar', 'Atletas', '16739444', NULL, '2025-09-11 14:54:08'),
(505, '28609560', 'Modificar', 'Atletas', '16955797', NULL, '2025-09-11 14:54:08'),
(506, '28609560', 'Modificar', 'Atletas', '17073909', NULL, '2025-09-11 14:54:08'),
(507, '28609560', 'Modificar', 'Atletas', '17094957', NULL, '2025-09-11 14:54:08'),
(508, '28609560', 'Modificar', 'Atletas', '17150171', NULL, '2025-09-11 14:54:08'),
(509, '28609560', 'Modificar', 'Atletas', '17181012', NULL, '2025-09-11 14:54:08'),
(510, '28609560', 'Modificar', 'Atletas', '17196042', NULL, '2025-09-11 14:54:08'),
(511, '28609560', 'Modificar', 'Atletas', '17220889', NULL, '2025-09-11 14:54:08'),
(512, '28609560', 'Modificar', 'Atletas', '17228491', NULL, '2025-09-11 14:54:08'),
(513, '28609560', 'Modificar', 'Atletas', '17335197', NULL, '2025-09-11 14:54:08'),
(514, '28609560', 'Modificar', 'Atletas', '17407353', NULL, '2025-09-11 14:54:08'),
(515, '28609560', 'Modificar', 'Atletas', '17527328', NULL, '2025-09-11 14:54:08'),
(516, '28609560', 'Modificar', 'Atletas', '17548749', NULL, '2025-09-11 14:54:08'),
(517, '28609560', 'Modificar', 'Atletas', '17562322', NULL, '2025-09-11 14:54:08'),
(518, '28609560', 'Modificar', 'Atletas', '17671385', NULL, '2025-09-11 14:54:08'),
(519, '28609560', 'Modificar', 'Atletas', '17683547', NULL, '2025-09-11 14:54:08'),
(520, '28609560', 'Modificar', 'Atletas', '17739303', NULL, '2025-09-11 14:54:08'),
(521, '28609560', 'Modificar', 'Atletas', '17832642', NULL, '2025-09-11 14:54:08'),
(522, '28609560', 'Modificar', 'Atletas', '18152145', NULL, '2025-09-11 14:54:08'),
(523, '28609560', 'Modificar', 'Atletas', '18163473', NULL, '2025-09-11 14:54:08'),
(524, '28609560', 'Modificar', 'Atletas', '18165359', NULL, '2025-09-11 14:54:08'),
(525, '28609560', 'Modificar', 'Atletas', '18358283', NULL, '2025-09-11 14:54:08'),
(526, '28609560', 'Modificar', 'Atletas', '18417978', NULL, '2025-09-11 14:54:08'),
(527, '28609560', 'Modificar', 'Atletas', '18469940', NULL, '2025-09-11 14:54:08'),
(528, '28609560', 'Modificar', 'Atletas', '18594972', NULL, '2025-09-11 14:54:08'),
(529, '28609560', 'Modificar', 'Atletas', '18634610', NULL, '2025-09-11 14:54:08'),
(530, '28609560', 'Modificar', 'Atletas', '18676054', NULL, '2025-09-11 14:54:08'),
(531, '28609560', 'Modificar', 'Atletas', '18702442', NULL, '2025-09-11 14:54:08'),
(532, '28609560', 'Modificar', 'Atletas', '18726152', NULL, '2025-09-11 14:54:08'),
(533, '28609560', 'Modificar', 'Atletas', '18842656', NULL, '2025-09-11 14:54:08'),
(534, '28609560', 'Modificar', 'Atletas', '18891596', NULL, '2025-09-11 14:54:08'),
(535, '28609560', 'Modificar', 'Atletas', '18916667', NULL, '2025-09-11 14:54:08'),
(536, '28609560', 'Modificar', 'Atletas', '18945098', NULL, '2025-09-11 14:54:08'),
(537, '28609560', 'Modificar', 'Atletas', '19481112', NULL, '2025-09-11 14:54:08'),
(538, '28609560', 'Modificar', 'Atletas', '19634029', NULL, '2025-09-11 14:54:08'),
(539, '28609560', 'Modificar', 'Atletas', '19675898', NULL, '2025-09-11 14:54:08'),
(540, '28609560', 'Modificar', 'Atletas', '19810099', NULL, '2025-09-11 14:54:08'),
(541, '28609560', 'Modificar', 'Atletas', '19825917', NULL, '2025-09-11 14:54:08'),
(542, '28609560', 'Modificar', 'Atletas', '19904626', NULL, '2025-09-11 14:54:08'),
(543, '28609560', 'Modificar', 'Atletas', '20003401', NULL, '2025-09-11 14:54:08'),
(544, '28609560', 'Modificar', 'Atletas', '20061612', NULL, '2025-09-11 14:54:08'),
(545, '28609560', 'Modificar', 'Atletas', '20321618', NULL, '2025-09-11 14:54:08'),
(546, '28609560', 'Modificar', 'Atletas', '20479437', NULL, '2025-09-11 14:54:08'),
(547, '28609560', 'Modificar', 'Atletas', '20533811', NULL, '2025-09-11 14:54:08'),
(548, '28609560', 'Modificar', 'Atletas', '20633272', NULL, '2025-09-11 14:54:08'),
(549, '28609560', 'Modificar', 'Atletas', '20736882', NULL, '2025-09-11 14:54:08'),
(550, '28609560', 'Modificar', 'Atletas', '21056393', NULL, '2025-09-11 14:54:08'),
(551, '28609560', 'Modificar', 'Atletas', '21081413', NULL, '2025-09-11 14:54:08'),
(552, '28609560', 'Modificar', 'Atletas', '21134614', NULL, '2025-09-11 14:54:08'),
(553, '28609560', 'Modificar', 'Atletas', '21196756', NULL, '2025-09-11 14:54:08'),
(554, '28609560', 'Modificar', 'Atletas', '21391993', NULL, '2025-09-11 14:54:08'),
(555, '28609560', 'Modificar', 'Atletas', '21410145', NULL, '2025-09-11 14:54:08'),
(556, '28609560', 'Modificar', 'Atletas', '21658752', NULL, '2025-09-11 14:54:08'),
(557, '28609560', 'Modificar', 'Atletas', '21705826', NULL, '2025-09-11 14:54:08'),
(558, '28609560', 'Modificar', 'Atletas', '21717051', NULL, '2025-09-11 14:54:08'),
(559, '28609560', 'Modificar', 'Atletas', '21754724', NULL, '2025-09-11 14:54:08'),
(560, '28609560', 'Modificar', 'Atletas', '21772305', NULL, '2025-09-11 14:54:08'),
(561, '28609560', 'Modificar', 'Atletas', '21790190', NULL, '2025-09-11 14:54:08'),
(562, '28609560', 'Modificar', 'Atletas', '21843587', NULL, '2025-09-11 14:54:08'),
(563, '28609560', 'Modificar', 'Atletas', '21861752', NULL, '2025-09-11 14:54:08'),
(564, '28609560', 'Modificar', 'Atletas', '22184089', NULL, '2025-09-11 14:54:08'),
(565, '28609560', 'Modificar', 'Atletas', '22247221', NULL, '2025-09-11 14:54:08'),
(566, '28609560', 'Modificar', 'Atletas', '22616883', NULL, '2025-09-11 14:54:08'),
(567, '28609560', 'Modificar', 'Atletas', '22663799', NULL, '2025-09-11 14:54:08'),
(568, '28609560', 'Modificar', 'Atletas', '22684489', NULL, '2025-09-11 14:54:08'),
(569, '28609560', 'Modificar', 'Atletas', '22734664', NULL, '2025-09-11 14:54:08'),
(570, '28609560', 'Modificar', 'Atletas', '23007385', NULL, '2025-09-11 14:54:08'),
(571, '28609560', 'Modificar', 'Atletas', '23162294', NULL, '2025-09-11 14:54:08'),
(572, '28609560', 'Modificar', 'Atletas', '23262058', NULL, '2025-09-11 14:54:08'),
(573, '28609560', 'Modificar', 'Atletas', '23357320', NULL, '2025-09-11 14:54:08'),
(574, '28609560', 'Modificar', 'Atletas', '23444636', NULL, '2025-09-11 14:54:08'),
(575, '28609560', 'Modificar', 'Atletas', '23550969', NULL, '2025-09-11 14:54:08'),
(576, '28609560', 'Modificar', 'Atletas', '23779482', NULL, '2025-09-11 14:54:08'),
(577, '28609560', 'Modificar', 'Atletas', '23861615', NULL, '2025-09-11 14:54:08'),
(578, '28609560', 'Modificar', 'Atletas', '24033933', NULL, '2025-09-11 14:54:08'),
(579, '28609560', 'Modificar', 'Atletas', '24056944', NULL, '2025-09-11 14:54:08'),
(580, '28609560', 'Modificar', 'Atletas', '24175203', NULL, '2025-09-11 14:54:08'),
(581, '28609560', 'Modificar', 'Atletas', '24301635', NULL, '2025-09-11 14:54:08'),
(582, '28609560', 'Modificar', 'Atletas', '24386209', NULL, '2025-09-11 14:54:08'),
(583, '28609560', 'Modificar', 'Atletas', '24576850', NULL, '2025-09-11 14:54:08'),
(584, '28609560', 'Modificar', 'Atletas', '24711762', NULL, '2025-09-11 14:54:08'),
(585, '28609560', 'Modificar', 'Atletas', '24718127', NULL, '2025-09-11 14:54:08'),
(586, '28609560', 'Modificar', 'Atletas', '24795116', NULL, '2025-09-11 14:54:08'),
(587, '28609560', 'Modificar', 'Atletas', '24814613', NULL, '2025-09-11 14:54:08'),
(588, '28609560', 'Modificar', 'Atletas', '25038718', NULL, '2025-09-11 14:54:08'),
(589, '28609560', 'Modificar', 'Atletas', '25078359', NULL, '2025-09-11 14:54:08'),
(590, '28609560', 'Modificar', 'Atletas', '25165706', NULL, '2025-09-11 14:54:08'),
(591, '28609560', 'Modificar', 'Atletas', '25276244', NULL, '2025-09-11 14:54:08'),
(592, '28609560', 'Modificar', 'Atletas', '25292400', NULL, '2025-09-11 14:54:08'),
(593, '28609560', 'Modificar', 'Atletas', '25528818', NULL, '2025-09-11 14:54:08'),
(594, '28609560', 'Modificar', 'Atletas', '25719526', NULL, '2025-09-11 14:54:08'),
(595, '28609560', 'Modificar', 'Atletas', '25848796', NULL, '2025-09-11 14:54:08'),
(596, '28609560', 'Modificar', 'Atletas', '25892158', NULL, '2025-09-11 14:54:08'),
(597, '28609560', 'Modificar', 'Atletas', '25892495', NULL, '2025-09-11 14:54:08'),
(598, '28609560', 'Modificar', 'Atletas', '25982843', NULL, '2025-09-11 14:54:08'),
(599, '28609560', 'Modificar', 'Atletas', '26040166', NULL, '2025-09-11 14:54:08'),
(600, '28609560', 'Modificar', 'Atletas', '26417092', NULL, '2025-09-11 14:54:08'),
(601, '28609560', 'Modificar', 'Atletas', '26638210', NULL, '2025-09-11 14:54:08'),
(602, '28609560', 'Modificar', 'Atletas', '26643236', NULL, '2025-09-11 14:54:08'),
(603, '28609560', 'Incluir', 'Subs', 'U11', 'Se agregó la sub: U11', '2025-09-11 14:59:24'),
(604, '28609560', 'Modificar', 'Subs', 'U13', '', '2025-09-11 14:59:24'),
(605, '28609560', 'Modificar', 'Subs', 'U15', '', '2025-09-11 14:59:24');
INSERT INTO `bitacora` (`id_accion`, `id_usuario`, `accion`, `modulo`, `registro_modificado`, `detalles`, `fecha`) VALUES
(606, '28609560', 'Incluir', 'Subs', 'U17', 'Se agregó la sub: U17', '2025-09-11 14:59:24'),
(607, '28609560', 'Modificar', 'Subs', 'U20', '', '2025-09-11 14:59:24'),
(608, '28609560', 'Modificar', 'Subs', 'U23', '', '2025-09-11 14:59:24'),
(609, '28609560', 'Incluir', 'Categorías', '48F', 'Se agregó la categoría: 48F', '2025-09-11 15:21:11'),
(610, '28609560', 'Incluir', 'Categorías', '53F', 'Se agregó la categoría: 53F', '2025-09-11 15:21:11'),
(611, '28609560', 'Incluir', 'Categorías', '58F', 'Se agregó la categoría: 58F', '2025-09-11 15:21:11'),
(612, '28609560', 'Incluir', 'Categorías', '63F', 'Se agregó la categoría: 63F', '2025-09-11 15:21:11'),
(613, '28609560', 'Incluir', 'Categorías', '69F', 'Se agregó la categoría: 69F', '2025-09-11 15:21:11'),
(614, '28609560', 'Incluir', 'Categorías', '77F', 'Se agregó la categoría: 77F', '2025-09-11 15:21:11'),
(615, '28609560', 'Incluir', 'Categorías', '86F', 'Se agregó la categoría: 86F', '2025-09-11 15:21:11'),
(616, '28609560', 'Incluir', 'Categorías', '60M', 'Se agregó la categoría: 60M', '2025-09-11 15:21:11'),
(617, '28609560', 'Incluir', 'Categorías', '65M', 'Se agregó la categoría: 65M', '2025-09-11 15:21:11'),
(618, '28609560', 'Incluir', 'Categorías', '71M', 'Se agregó la categoría: 71M', '2025-09-11 15:21:11'),
(619, '28609560', 'Incluir', 'Categorías', '79M', 'Se agregó la categoría: 79M', '2025-09-11 15:21:11'),
(620, '28609560', 'Incluir', 'Categorías', '88M', 'Se agregó la categoría: 88M', '2025-09-11 15:21:11'),
(621, '28609560', 'Incluir', 'Categorías', '94M', 'Se agregó la categoría: 94M', '2025-09-11 15:21:11'),
(622, '28609560', 'Incluir', 'Categorías', '110M', 'Se agregó la categoría: 110M', '2025-09-11 15:21:11'),
(628, '28609560', 'Incluir', 'Tipo de Competencia', 'Nacional', 'Se agregó el tipo de competencia: Nacional', '2025-09-11 17:03:32'),
(629, '28609560', 'Incluir', 'Subs', 'U20', 'Se agregó la sub: U20', '2025-09-11 17:03:32'),
(630, '28609560', 'Incluir', 'Subs', 'U23', 'Se agregó la sub: U23', '2025-09-11 17:03:32'),
(631, '28609560', 'Incluir', 'Eventos', 'Competencia Nacional', 'Se agregó el Evento: Competencia Nacional Juvenil Yaracuy 2024 - San Felipe, Yaracuy', '2025-09-11 17:03:32'),
(632, '28609560', 'Incluir', 'Eventos', 'Competencia Nacional', 'Se agregó el Evento: Competencia Nacional Jose Carballo 2025 - Caracas, Distrito Capital', '2025-09-11 17:03:32'),
(634, '28609560', 'Incluir', 'Tipo de Competencia', 'Nacional', 'Se agregó el tipo de competencia: Nacional', '2025-09-11 17:53:10'),
(635, '28609560', 'Incluir', 'Subs', 'U20', 'Se agregó la sub: U20', '2025-09-11 17:53:10'),
(636, '28609560', 'Incluir', 'Subs', 'U23', 'Se agregó la sub: U23', '2025-09-11 17:53:10'),
(637, '28609560', 'Incluir', 'Eventos', 'Competencia Nacional', 'Se agregó el Evento: Competencia Nacional Juvenil Yaracuy 2024 - San Felipe, Yaracuy', '2025-09-11 17:53:10'),
(638, '28609560', 'Incluir', 'Eventos', 'Competencia Nacional', 'Se agregó el Evento: Competencia Nacional Jose Carballo 2025 - Caracas, Distrito Capital', '2025-09-11 17:53:10'),
(639, '28609560', 'Eliminar', 'Eventos', 'Competencia Nacional', 'Se eliminó el Evento: Competencia Nacional Juvenil Yaracuy 2024', '2025-09-11 18:10:53'),
(640, '28609560', 'Eliminar', 'Eventos', 'Competencia Nacional', 'Se eliminó el Evento: Competencia Nacional Jose Carballo 2025', '2025-09-11 18:10:53'),
(641, '28609560', 'Incluir', 'WADA', '29831802', 'Se agregó la WADA para el Atleta con ID: 29831802', '2025-10-06 02:34:00'),
(642, '28609560', 'Modificar', 'WADA', '13052282', '', '2025-10-06 02:35:04'),
(643, '28609560', 'Modificar', 'WADA', '12977096', 'Fecha de vencimiento cambiada de \"2025-12-05\" a \"2025-12-24\"; ', '2025-10-06 02:35:14'),
(644, '28609560', 'Eliminar', 'WADA', '15056699', 'Se eliminó la WADA del Atleta con ID: 15056699', '2025-10-06 02:35:55'),
(645, '28609560', 'Incluir', 'Asistencias', '2025-10-06', 'Se agregó asistencias para la fecha: 2025-10-06', '2025-10-06 11:36:06'),
(646, '28609560', 'Modificar', 'Asistencias', '2025-10-06', 'Cambio el comentario de 25982843:  -> e34323434; ', '2025-10-06 11:36:38'),
(647, '28609560', 'Modificar', 'Asistencias', '2025-10-06', 'Cambio la asistencia de 26643236: No -> Si; ', '2025-10-06 11:37:17'),
(648, '28609560', 'Incluir', 'Eventos', 'ESTADAL SUB20', 'Se agregó el Evento: ESTADAL SUB20 - CALLE 37', '2025-10-06 11:40:44'),
(649, '28609560', 'Modificar', 'Eventos', 'Competencia Nacional', 'Ubicación cambiado de \"San Felipe, Yaracuy\" a \"San Felipe Yaracuy\"; ', '2025-10-06 11:41:28'),
(650, '28609560', 'Eliminar', 'Eventos', 'ESTADAL SUB20', 'Se eliminó el Evento: ESTADAL SUB20', '2025-10-06 11:42:09'),
(651, '28609560', 'Modificar', 'Eventos', 'Competencia Nacional', 'Estado de cambiado de \"activo\" a \"inactivo\"; ', '2025-10-06 11:43:09'),
(652, '28609560', 'Incluir', 'Categorías', 'open f', 'Se agregó la categoría: open f', '2025-10-06 12:07:20'),
(653, '28609560', 'Modificar', 'Categorias', '61M', '', '2025-10-06 12:10:37'),
(654, '28609560', 'Eliminar', 'Categorias', 'open f', 'Se eliminó la categoría: open f', '2025-10-06 12:12:47'),
(655, '28609560', 'Incluir', 'Atletas', '99999991', 'Se agregó el Atleta: 99999991 - Juan Integration Test Uno', '2025-11-04 05:13:10'),
(656, '28609560', 'Incluir', 'Atletas', '99999992', 'Se agregó el Atleta: 99999992 - Maria Integration Test Dos', '2025-11-04 05:13:10'),
(657, '28609560', 'Incluir', 'Eventos', 'Campeonato Integrati', 'Se agregó el Evento: Campeonato Integration Test 1762233190 - Gimnasio de Prueba', '2025-11-04 05:13:10'),
(658, '28609560', 'Eliminar', 'Eventos', 'Campeonato Integrati', 'Se eliminó el Evento: Campeonato Integration Test 1762233190', '2025-11-04 05:13:11'),
(659, '28609560', 'Eliminar', 'Atletas', '99999991', 'Se eliminó el atleta: 99999991', '2025-11-04 05:13:11'),
(660, '28609560', 'Eliminar', 'Atletas', '99999992', 'Se eliminó el atleta: 99999992', '2025-11-04 05:13:11'),
(661, '28609560', 'Incluir', 'Atletas', '99999991', 'Se agregó el Atleta: 99999991 - Juan Integration Test Uno', '2025-11-04 05:14:53'),
(662, '28609560', 'Incluir', 'Atletas', '99999992', 'Se agregó el Atleta: 99999992 - Maria Integration Test Dos', '2025-11-04 05:14:53'),
(663, '28609560', 'Incluir', 'Eventos', 'Campeonato Integrati', 'Se agregó el Evento: Campeonato Integration Test 1762233293 - Gimnasio de Prueba', '2025-11-04 05:14:53'),
(664, '28609560', 'Eliminar', 'Eventos', 'Campeonato Integrati', 'Se eliminó el Evento: Campeonato Integration Test 1762233293', '2025-11-04 05:14:53'),
(665, '28609560', 'Eliminar', 'Atletas', '99999991', 'Se eliminó el atleta: 99999991', '2025-11-04 05:14:53'),
(666, '28609560', 'Eliminar', 'Atletas', '99999992', 'Se eliminó el atleta: 99999992', '2025-11-04 05:14:53'),
(667, '28609560', 'Incluir', 'Atletas', '224563763', 'Se agregó el Atleta: 224563763 - Adrian Fonseca', '2025-11-04 06:11:23'),
(668, '28609560', 'Modificar', 'Eventos', 'Competencia Nacional', 'Ubicación cambiado de \"Caracas, Distrito Capital\" a \"Caracas Distrito Capital\"; Categoria cambiada de \"61M\" a \"67M\"; ', '2025-11-04 06:14:01'),
(669, '28609560', 'Modificar', 'Atletas', '224563763', 'Fecha de nacimiento cambiada de \"2000-07-15\" a \"2002-07-16\"; ', '2025-11-04 06:14:32'),
(670, '28609560', 'Modificar', 'Atletas', '224563763', 'Fecha de nacimiento cambiada de \"2002-07-16\" a \"2003-06-17\"; Peso cambiado de \"60.00\" a \"64.00\"; ', '2025-11-04 06:15:13'),
(671, '28609560', 'Modificar', 'Eventos', 'Competencia Nacional', '', '2025-11-04 06:15:28'),
(672, '28609560', 'Modificar', 'Atletas', '224563763', 'Fecha de nacimiento cambiada de \"2003-06-17\" a \"2005-10-12\"; ', '2025-11-04 06:15:58'),
(673, '28609560', 'Modificar', 'Atletas', '224563763', 'Peso cambiado de \"64.00\" a \"72.00\"; ', '2025-11-04 06:16:19'),
(674, '28609560', 'Modificar', 'Asistencias', '2025-11-27', 'Estado: ausente -> presente; Hora entrada: - -> 21:43:00; Hora salida: - -> 22:43:00; ', '2025-11-27 01:43:07'),
(675, '28609560', 'Modificar', 'Asistencias', '2025-11-27', 'Estado: ausente -> presente; RPE: - -> 3; Hora entrada: - -> 21:43:00; Hora salida: - -> 22:43:00; ', '2025-11-27 01:43:20'),
(676, '28609560', 'Modificar', 'Asistencias', '2025-11-27', 'Estado: presente -> ausente; Hora entrada: 21:43:00 -> -; Hora salida: 22:43:00 -> -; ', '2025-11-27 01:43:20'),
(677, '28609560', 'Eliminar', 'Asistencias', '2025-11-27', 'Se eliminaron las asistencias para la fecha: 2025-11-27', '2025-11-27 01:43:23');

-- --------------------------------------------------------

--
-- Estructura de tabla para la tabla `modulos`
--

CREATE TABLE `modulos` (
  `id_modulo` int(50) NOT NULL,
  `nombre` varchar(50) NOT NULL
) ENGINE=InnoDB DEFAULT CHARSET=utf8mb4 COLLATE=utf8mb4_general_ci;

--
-- Volcado de datos para la tabla `modulos`
--

INSERT INTO `modulos` (`id_modulo`, `nombre`) VALUES
(1, 'entrenadores'),
(2, 'atletas'),
(3, 'rolespermisos'),
(4, 'asistencias'),
(5, 'eventos'),
(6, 'mensualidad'),
(7, 'wada'),
(8, 'reportes'),
(9, 'bitacora');

-- --------------------------------------------------------

--
-- Estructura de tabla para la tabla `notificaciones`
--

CREATE TABLE `notificaciones` (
  `id` int(11) NOT NULL,
  `id_usuario` varchar(10) NOT NULL,
  `titulo` text NOT NULL,
  `mensaje` text DEFAULT NULL,
  `leida` tinyint(1) NOT NULL DEFAULT 0,
  `objetivo` varchar(20) NOT NULL,
  `fecha_creacion` timestamp NOT NULL DEFAULT current_timestamp()
) ENGINE=InnoDB DEFAULT CHARSET=utf8mb4 COLLATE=utf8mb4_general_ci;

--
-- Volcado de datos para la tabla `notificaciones`
--

INSERT INTO `notificaciones` (`id`, `id_usuario`, `titulo`, `mensaje`, `leida`, `objetivo`, `fecha_creacion`) VALUES
(23, '28609560', 'Una WADA vencerá pronto', 'La WADA del atleta Diego Salazar se vencerá el 2024-12-10', 1, 'wada', '2024-11-27 13:37:53'),
(24, '28609560', 'Una WADA vencerá pronto', 'La WADA del atleta Diego Salazar se vencerá el 2024-12-07', 1, 'wada', '2024-11-29 09:04:36'),
(33, '28609560', 'Una WADA vencerá pronto', 'La WADA del atleta Diego Salazar se vencerá en 30 días', 1, 'wada', '2024-11-29 10:21:12'),
(34, '28609560', 'Una WADA vencerá pronto', 'La WADA del atleta Diego Salazar se vencerá en 15 días', 1, 'wada', '2024-11-29 10:21:43'),
(35, '28609560', 'Una WADA vencerá pronto', 'La WADA del atleta Diego Salazar se vencerá en 7 días', 1, 'wada', '2024-11-29 10:22:04'),
(36, '28609560', 'Una WADA vencerá pronto', 'La WADA del atleta Diego Salazar se vencerá en 1 día', 1, 'wada', '2024-11-29 10:22:17'),
(37, '28609560', 'La WADA ha vencido hoy', 'La WADA del atleta Diego Salazar se venció', 1, 'wada', '2024-11-29 10:22:38'),
(43, '28609560', 'Atletas con mensualidad pendiente', 'Hay 1 atleta que debe la mensualidad este mes', 1, 'mensualidad', '2024-11-29 10:40:36'),
(45, '7376581', 'Atletas con mensualidad pendiente', 'Hay 1 atleta que debe la mensualidad este mes', 0, 'mensualidad', '2025-05-25 06:02:26'),
(46, '28609560', '???? Riesgo ALTO de lesión - Adrian Fonseca', 'La IA detectó riesgo ALTO (60/100) para el atleta Adrian Fonseca. Factor principal: Combinación crítica: FMS muy bajo (8/21) junto con lesión activa de gravedad Severa en cabeza. Esto incrementa significativamente el riesgo de reca.... Ver tarjeta del atleta para recomendaciones detalladas.', 1, 'atletas?cedula=22456', '2025-11-28 04:35:47');

-- --------------------------------------------------------

--
-- Estructura de tabla para la tabla `permisos`
--

CREATE TABLE `permisos` (
  `id_rol` int(50) NOT NULL,
  `modulo` int(50) NOT NULL,
  `crear` tinyint(1) NOT NULL DEFAULT 0,
  `leer` tinyint(1) NOT NULL DEFAULT 0,
  `actualizar` tinyint(1) NOT NULL DEFAULT 0,
  `eliminar` tinyint(1) NOT NULL DEFAULT 0
) ENGINE=InnoDB DEFAULT CHARSET=utf8mb4 COLLATE=utf8mb4_general_ci;

--
-- Volcado de datos para la tabla `permisos`
--

INSERT INTO `permisos` (`id_rol`, `modulo`, `crear`, `leer`, `actualizar`, `eliminar`) VALUES
(0, 1, 0, 0, 0, 0),
(0, 2, 1, 1, 0, 0),
(0, 3, 0, 0, 0, 0),
(0, 4, 0, 1, 0, 0),
(0, 5, 0, 0, 0, 0),
(0, 6, 0, 0, 0, 0),
(0, 7, 0, 0, 0, 0),
(0, 8, 0, 0, 0, 0),
(0, 9, 0, 0, 0, 0),
(1, 1, 1, 1, 0, 0),
(1, 2, 1, 1, 1, 0),
(1, 3, 0, 0, 0, 0),
(1, 4, 1, 1, 0, 0),
(1, 5, 1, 1, 1, 0),
(1, 6, 1, 1, 0, 0),
(1, 7, 1, 1, 0, 0),
(1, 8, 1, 1, 0, 0),
(1, 9, 0, 0, 0, 0),
(2, 1, 1, 1, 1, 1),
(2, 2, 1, 1, 1, 1),
(2, 3, 1, 1, 1, 1),
(2, 4, 1, 1, 1, 1),
(2, 5, 1, 1, 1, 1),
(2, 6, 1, 1, 1, 1),
(2, 7, 1, 1, 1, 1),
(2, 8, 1, 1, 0, 0),
(2, 9, 0, 1, 0, 0),
(56, 1, 1, 0, 0, 0),
(56, 2, 0, 1, 0, 0),
(56, 3, 0, 0, 1, 0),
(56, 4, 0, 0, 0, 1),
(56, 5, 0, 0, 1, 0),
(56, 6, 0, 1, 0, 0),
(56, 7, 1, 0, 0, 0),
(56, 8, 1, 1, 0, 0),
(56, 9, 0, 1, 0, 0);

--
-- Disparadores `permisos`
--
DELIMITER $$
CREATE TRIGGER `after_permisos_update` AFTER UPDATE ON `permisos` FOR EACH ROW BEGIN
 IF @cambios IS NULL THEN
        SET @cambios = '';
    END IF;
    IF @filas_afectadas IS NULL THEN
        SET @filas_afectadas = 0;
    END IF;
    IF @total_modulos IS NULL THEN
        SET @total_modulos = (SELECT COUNT(*) FROM modulos);
    END IF;
	IF OLD.crear != NEW.crear THEN
    	SET @cambios = CONCAT(@cambios, ' Modulo ', (SELECT nombre FROM modulos WHERE id_modulo = OLD.modulo), ' - crear: ', IF(OLD.crear = 0, 'No', 'Si'), ' -> ', 			IF(NEW.crear = 0, 'No', 'Si'), '; ');
    END IF;
    IF OLD.leer != NEW.leer THEN
    	SET @cambios = CONCAT(@cambios, ' Modulo ', (SELECT nombre FROM modulos WHERE id_modulo = OLD.modulo), ' - leer: ', IF(OLD.leer = 0, 'No', 'Si'), ' -> ', IF(NEW.leer = 0, 'No', 'Si'), '; ');
    END IF;
    IF OLD.actualizar != NEW.actualizar THEN
    	SET @cambios = CONCAT(@cambios, ' Modulo ', (SELECT nombre FROM modulos WHERE id_modulo = OLD.modulo), ' - actualizar: ', IF(OLD.actualizar = 0, 'No', 'Si'), ' -> ', 			IF(NEW.actualizar = 0, 'No', 'Si'), '; ');
    END IF;
    IF OLD.eliminar != NEW.eliminar THEN
    	SET @cambios = CONCAT(@cambios, ' Modulo ', (SELECT nombre FROM modulos WHERE id_modulo = OLD.modulo), ' - eliminar: ', IF(OLD.eliminar = 0, 'No', 'Si'), ' -> ', 			IF(NEW.eliminar = 0, 'No', 'Si'), '; ');
    END IF;
    SET @filas_afectadas = @filas_afectadas + 1; 
    IF @filas_afectadas = @total_modulos THEN
        IF @cambios != '' THEN
            INSERT INTO bitacora (accion, modulo, id_usuario, registro_modificado, detalles)
            VALUES ('Modificar', 'Roles', @usuario_actual, @nombre_rol, @cambios);
            SET @cambios = NULL;
        	SET @nombre_rol = NULL;
            SET @filas_afectadas = NULL;
            SET @total_modulos = NULL;
        END IF;        
    END IF;
END
$$
DELIMITER ;

-- --------------------------------------------------------

--
-- Estructura de tabla para la tabla `reset`
--

CREATE TABLE `reset` (
  `id` int(11) NOT NULL,
  `cedula` varchar(10) NOT NULL,
  `email` varchar(50) NOT NULL,
  `token` varchar(255) NOT NULL,
  `expira` datetime NOT NULL
) ENGINE=InnoDB DEFAULT CHARSET=utf8mb4 COLLATE=utf8mb4_general_ci;

--
-- Disparadores `reset`
--
DELIMITER $$
CREATE TRIGGER `after_reset_insert` AFTER INSERT ON `reset` FOR EACH ROW BEGIN
    INSERT INTO bitacora (accion, modulo, id_usuario, registro_modificado, detalles)
    VALUES ('Incluir', 'Recovery', NEW.cedula, NEW.email, CONCAT('El usuario solicitó un restablecimiento de contraseña, expira el: ', NEW.expira));
END
$$
DELIMITER ;

-- --------------------------------------------------------

--
-- Estructura de tabla para la tabla `roles`
--

CREATE TABLE `roles` (
  `id_rol` int(50) NOT NULL,
  `nombre` varchar(50) NOT NULL
) ENGINE=InnoDB DEFAULT CHARSET=utf8mb4 COLLATE=utf8mb4_general_ci;

--
-- Volcado de datos para la tabla `roles`
--

INSERT INTO `roles` (`id_rol`, `nombre`) VALUES
(0, 'Atleta'),
(1, 'Entrenador'),
(2, 'Superusuario'),
(3, 'Administrador');

--
-- Disparadores `roles`
--
DELIMITER $$
CREATE TRIGGER `after_rol_create` AFTER INSERT ON `roles` FOR EACH ROW BEGIN
    INSERT INTO bitacora (accion, modulo, id_usuario, registro_modificado, detalles)
    VALUES ('Incluir', 'Roles', @usuario_actual, NEW.nombre, CONCAT('Se agregó el Rol: ', NEW.nombre));
END
$$
DELIMITER ;
DELIMITER $$
CREATE TRIGGER `after_rol_delete` AFTER DELETE ON `roles` FOR EACH ROW BEGIN
    INSERT INTO bitacora (accion, modulo, id_usuario, registro_modificado, detalles)
    VALUES ('Eliminar', 'Roles', @usuario_actual, OLD.nombre, CONCAT('Se eliminó el Rol: ', OLD.nombre));
END
$$
DELIMITER ;
DELIMITER $$
CREATE TRIGGER `after_rol_update` AFTER UPDATE ON `roles` FOR EACH ROW BEGIN
	IF @cambios IS NULL THEN
        SET @cambios = '';
    END IF;
    SET @nombre_rol = OLD.nombre;
    IF OLD.nombre != NEW.nombre THEN
        SET @cambios = CONCAT(@cambios, 'Nombre de rol cambiado de "', OLD.nombre, '" a "', NEW.nombre, '"; ');
    END IF;
END
$$
DELIMITER ;

-- --------------------------------------------------------

--
-- Estructura de tabla para la tabla `usuarios`
--

CREATE TABLE `usuarios` (
  `cedula` varchar(10) NOT NULL,
  `nombre` varchar(50) NOT NULL,
  `apellido` varchar(50) NOT NULL,
  `genero` varchar(30) NOT NULL,
  `fecha_nacimiento` date NOT NULL,
  `lugar_nacimiento` varchar(50) NOT NULL,
  `estado_civil` varchar(50) NOT NULL,
  `telefono` varchar(15) NOT NULL,
  `correo_electronico` varchar(50) NOT NULL
) ENGINE=InnoDB DEFAULT CHARSET=utf8mb4 COLLATE=utf8mb4_general_ci;

--
-- Volcado de datos para la tabla `usuarios`
--

INSERT INTO `usuarios` (`cedula`, `nombre`, `apellido`, `genero`, `fecha_nacimiento`, `lugar_nacimiento`, `estado_civil`, `telefono`, `correo_electronico`) VALUES
('12747411', 'Luisa', 'Silva García', 'Femenino', '1980-01-01', 'Sucre', 'Soltero', '0412-7037305', 'user12747411@example.com'),
('12772086', 'Yolanda', 'Pérez Fernández', 'Femenino', '2005-01-01', 'Miranda', 'Soltero', '0412-9604586', 'user12772086@example.com'),
('12792892', 'Ana', 'Soto González', 'Femenino', '1979-01-01', 'Sucre', 'Soltero', '0412-5626434', 'user12792892@example.com'),
('12795097', 'Romina', 'Campos Salazar', 'Femenino', '1990-01-01', 'Carabobo', 'Soltero', '0412-8416868', 'user12795097@example.com'),
('12917213', 'Héctor', 'Valencia Ríos', 'Masculino', '2005-01-01', 'Mérida', 'Soltero', '0412-4299282', 'user12917213@example.com'),
('12942617', 'Adriana', 'Núñez Mendoza', 'Femenino', '2009-01-01', 'Miranda', 'Soltero', '0412-6391548', 'user12942617@example.com'),
('12975478', 'Miguel', 'Hernández Ibarra', 'Masculino', '2004-01-01', 'Táchira', 'Soltero', '0412-2945886', 'user12975478@example.com'),
('12977096', 'Verónica', 'Cordero Vega', 'Femenino', '2007-01-01', 'Yaracuy', 'Soltero', '0412-6012730', 'user12977096@example.com'),
('13005500', 'Sebastián', 'Díaz Pérez', 'Masculino', '2004-01-01', 'Táchira', 'Soltero', '0412-3438368', 'user13005500@example.com'),
('13051888', 'Verónica', 'Fernández Suárez', 'Femenino', '2007-01-01', 'Mérida', 'Soltero', '0412-6536632', 'user13051888@example.com'),
('13052282', 'Ricardo', 'Vásquez Ortega', 'Masculino', '2008-01-01', 'Mérida', 'Soltero', '0412-2681519', 'user13052282@example.com'),
('13056599', 'José', 'Núñez Silva', 'Masculino', '2004-01-01', 'Anzoátegui', 'Soltero', '0412-1422912', 'user13056599@example.com'),
('13120290', 'Gabriela', 'Ortega Núñez', 'Femenino', '2009-01-01', 'Yaracuy', 'Soltero', '0412-7993467', 'user13120290@example.com'),
('13131998', 'Carla', 'Rodríguez Ibarra', 'Femenino', '2007-01-01', 'Miranda', 'Soltero', '0412-9380458', 'user13131998@example.com'),
('13144228', 'Luis', 'Fernández Mendoza', 'Masculino', '1982-01-01', 'Apure', 'Soltero', '0412-6162527', 'user13144228@example.com'),
('13145243', 'Iván', 'Ortega Ramírez', 'Masculino', '1982-01-01', 'Aragua', 'Soltero', '0412-3176944', 'user13145243@example.com'),
('13149274', 'Daniel', 'Salazar Suárez', 'Masculino', '2004-01-01', 'Falcón', 'Soltero', '0412-3662815', 'user13149274@example.com'),
('13194737', 'Camila', 'Fernández Suárez', 'Femenino', '1978-01-01', 'Aragua', 'Soltero', '0412-4858810', 'user13194737@example.com'),
('13259053', 'Romina', 'Pérez Ibarra', 'Femenino', '1988-01-01', 'Trujillo', 'Soltero', '0412-3666212', 'user13259053@example.com'),
('13267487', 'Pedro', 'Reyes Sánchez', 'Masculino', '1974-01-01', 'Miranda', 'Soltero', '0412-7441910', 'user13267487@example.com'),
('13278802', 'Alejandra', 'Ibarra Ortega', 'Femenino', '2006-01-01', 'Anzoátegui', 'Soltero', '0412-4043648', 'user13278802@example.com'),
('13313513', 'Adriana', 'Valencia Moreno', 'Femenino', '2005-01-01', 'Sucre', 'Soltero', '0412-3641710', 'user13313513@example.com'),
('13320136', 'Emilio', 'Vásquez Martínez', 'Masculino', '2008-01-01', 'Cojedes', 'Soltero', '0412-1460636', 'user13320136@example.com'),
('13337271', 'Hernán', 'Giménez Pérez', 'Masculino', '2008-01-01', 'Distrito Capital', 'Soltero', '0412-4440289', 'user13337271@example.com'),
('13346901', 'Roxana', 'Blanco Pérez', 'Femenino', '2009-01-01', 'Bolívar', 'Soltero', '0412-8799504', 'user13346901@example.com'),
('13399766', 'Daniel', 'González Guzmán', 'Masculino', '1988-01-01', 'Yaracuy', 'Soltero', '0412-2421407', 'user13399766@example.com'),
('13458903', 'Beatriz', 'Valencia Ortega', 'Femenino', '1975-01-01', 'Miranda', 'Soltero', '0412-3849554', 'user13458903@example.com'),
('13482880', 'Noelia', 'Cordero Salazar', 'Femenino', '1981-01-01', 'Aragua', 'Soltero', '0412-7124179', 'user13482880@example.com'),
('13616797', 'Gabriel', 'Cano González', 'Masculino', '1982-01-01', 'Falcón', 'Soltero', '0412-4858953', 'user13616797@example.com'),
('13700390', 'Romina', 'Vega Vásquez', 'Femenino', '2005-01-01', 'Táchira', 'Soltero', '0412-5944895', 'user13700390@example.com'),
('13704121', 'Daniela', 'González Pérez', 'Femenino', '1977-01-01', 'Zulia', 'Soltero', '0412-2497689', 'user13704121@example.com'),
('13754392', 'Nicolás', 'Rodríguez Miranda', 'Masculino', '2004-01-01', 'Táchira', 'Soltero', '0412-3761495', 'user13754392@example.com'),
('13811661', 'Rosa', 'Hernández Núñez', 'Femenino', '1980-01-01', 'Aragua', 'Soltero', '0412-6390415', 'user13811661@example.com'),
('13863438', 'Verónica', 'Blanco Vásquez', 'Femenino', '1978-01-01', 'Barinas', 'Soltero', '0412-4260627', 'user13863438@example.com'),
('13906858', 'Elena', 'Salazar Rodríguez', 'Femenino', '1978-01-01', 'Barinas', 'Soltero', '0412-1623767', 'user13906858@example.com'),
('13959008', 'Sofía', 'Ríos Silva', 'Femenino', '2008-01-01', 'Carabobo', 'Soltero', '0412-5644691', 'user13959008@example.com'),
('13998602', 'Patricia', 'Rodríguez Blanco', 'Femenino', '2009-01-01', 'Guárico', 'Soltero', '0412-6839523', 'user13998602@example.com'),
('14073912', 'Carlos', 'Suárez Núñez', 'Masculino', '1974-01-01', 'Distrito Capital', 'Soltero', '0412-6149841', 'user14073912@example.com'),
('14085766', 'Miguel', 'Vásquez Mendoza', 'Masculino', '2009-01-01', 'Miranda', 'Soltero', '0412-8057602', 'user14085766@example.com'),
('14106849', 'Romina', 'Soto Ortega', 'Femenino', '2008-01-01', 'Yaracuy', 'Soltero', '0412-6853867', 'user14106849@example.com'),
('14139353', 'Cristian', 'Guzmán Rodríguez', 'Masculino', '1977-01-01', 'Guárico', 'Soltero', '0412-1527921', 'user14139353@example.com'),
('14201844', 'Rosa', 'Díaz Ríos', 'Femenino', '1985-01-01', 'Bolívar', 'Soltero', '0412-9418258', 'user14201844@example.com'),
('14239818', 'José', 'Fernández González', 'Masculino', '2009-01-01', 'Lara', 'Soltero', '0412-7011833', 'user14239818@example.com'),
('14273713', 'Sofía', 'Miranda Valencia', 'Femenino', '1988-01-01', 'Guárico', 'Soltero', '0412-9000497', 'user14273713@example.com'),
('14275196', 'Tomás', 'Fernández Martínez', 'Masculino', '1984-01-01', 'Cojedes', 'Soltero', '0412-4110890', 'user14275196@example.com'),
('14306498', 'Mauricio', 'Ortega Vega', 'Masculino', '2005-01-01', 'Lara', 'Soltero', '0412-7027453', 'user14306498@example.com'),
('14417017', 'Diego', 'Valencia Vásquez', 'Masculino', '2006-01-01', 'Portuguesa', 'Soltero', '0412-2260602', 'user14417017@example.com'),
('14427487', 'Elena', 'Mendoza Valencia', 'Femenino', '1983-01-01', 'Distrito Capital', 'Soltero', '0412-4564014', 'user14427487@example.com'),
('14435394', 'Germán', 'Torres Blanco', 'Masculino', '1974-01-01', 'Trujillo', 'Soltero', '0412-6020570', 'user14435394@example.com'),
('14439365', 'Yolanda', 'Torres Reyes', 'Femenino', '2004-01-01', 'Miranda', 'Soltero', '0412-7009642', 'user14439365@example.com'),
('14449140', 'Rosa', 'Suárez Ibarra', 'Femenino', '1990-01-01', 'Barinas', 'Soltero', '0412-7815897', 'user14449140@example.com'),
('14481000', 'Hernán', 'Núñez Pérez', 'Masculino', '2007-01-01', 'Guárico', 'Soltero', '0412-6727235', 'user14481000@example.com'),
('14485245', 'Mónica', 'Ramírez Hernández', 'Femenino', '2006-01-01', 'Miranda', 'Soltero', '0412-4190406', 'user14485245@example.com'),
('14508739', 'Carlos', 'Cordero Ramírez', 'Masculino', '1984-01-01', 'Aragua', 'Soltero', '0412-7626001', 'user14508739@example.com'),
('14578971', 'Hernán', 'Ramírez Díaz', 'Masculino', '2006-01-01', 'Carabobo', 'Soltero', '0412-7274763', 'user14578971@example.com'),
('14704222', 'Luisa', 'Giménez Guzmán', 'Femenino', '1984-01-01', 'Monagas', 'Soltero', '0412-8072835', 'user14704222@example.com'),
('14828391', 'Romina', 'Fernández Castro', 'Femenino', '1975-01-01', 'Lara', 'Soltero', '0412-6275860', 'user14828391@example.com'),
('14862407', 'Noelia', 'Pérez Fernández', 'Femenino', '2009-01-01', 'Apure', 'Soltero', '0412-4117718', 'user14862407@example.com'),
('14900667', 'Miguel', 'Castro Ibarra', 'Masculino', '1990-01-01', 'Zulia', 'Soltero', '0412-4846869', 'user14900667@example.com'),
('14928215', 'Carolina', 'Peña Valencia', 'Femenino', '1986-01-01', 'Monagas', 'Soltero', '0412-5567299', 'user14928215@example.com'),
('15056699', 'Roxana', 'Torres Soto', 'Femenino', '2006-01-01', 'Anzoátegui', 'Soltero', '0412-5155159', 'user15056699@example.com'),
('15091314', 'Carlos', 'Campos Cordero', 'Masculino', '1977-01-01', 'Distrito Capital', 'Soltero', '0412-9619763', 'user15091314@example.com'),
('15103377', 'Emilio', 'Cano García', 'Masculino', '2006-01-01', 'Zulia', 'Soltero', '0412-3115237', 'user15103377@example.com'),
('15269720', 'Elena', 'Mendoza Núñez', 'Femenino', '2008-01-01', 'Portuguesa', 'Soltero', '0412-4707405', 'user15269720@example.com'),
('15272925', 'Gabriel', 'Soto Ríos', 'Masculino', '2009-01-01', 'Portuguesa', 'Soltero', '0412-3032630', 'user15272925@example.com'),
('15334496', 'María', 'Torres Castro', 'Femenino', '1977-01-01', 'Barinas', 'Soltero', '0412-1086140', 'user15334496@example.com'),
('15360999', 'Sofía', 'Vásquez Rodríguez', 'Femenino', '2005-01-01', 'Apure', 'Soltero', '0412-6009897', 'user15360999@example.com'),
('15361563', 'Elena', 'Suárez Reyes', 'Femenino', '1985-01-01', 'Portuguesa', 'Soltero', '0412-7786149', 'user15361563@example.com'),
('15362108', 'Luis', 'Peña Moreno', 'Masculino', '1974-01-01', 'Falcón', 'Soltero', '0412-5359464', 'user15362108@example.com'),
('15430279', 'María', 'Ríos Castro', 'Femenino', '2009-01-01', 'Carabobo', 'Soltero', '0412-3106174', 'user15430279@example.com'),
('15452025', 'Tomás', 'Salazar Pérez', 'Masculino', '1986-01-01', 'Yaracuy', 'Soltero', '0412-3453593', 'user15452025@example.com'),
('15471522', 'Hernán', 'Moreno Campos', 'Masculino', '2008-01-01', 'Monagas', 'Soltero', '0412-7731656', 'user15471522@example.com'),
('15613896', 'Iván', 'Giménez Pérez', 'Masculino', '2007-01-01', 'Apure', 'Soltero', '0412-4847322', 'user15613896@example.com'),
('15616092', 'Claudia', 'García Soto', 'Femenino', '2009-01-01', 'Miranda', 'Soltero', '0412-1972159', 'user15616092@example.com'),
('15636478', 'Héctor', 'Ramírez Blanco', 'Masculino', '2008-01-01', 'Aragua', 'Soltero', '0412-6042827', 'user15636478@example.com'),
('15714461', 'Ana', 'Valencia Reyes', 'Femenino', '2006-01-01', 'Barinas', 'Soltero', '0412-3554643', 'user15714461@example.com'),
('15913594', 'Alberto', 'Peña Campos', 'Masculino', '2008-01-01', 'Trujillo', 'Soltero', '0412-9252595', 'user15913594@example.com'),
('15914592', 'Valentina', 'Giménez Mendoza', 'Femenino', '1981-01-01', 'Guárico', 'Soltero', '0412-4894420', 'user15914592@example.com'),
('15997716', 'Germán', 'Guzmán Ortega', 'Masculino', '2004-01-01', 'Distrito Capital', 'Soltero', '0412-4514255', 'user15997716@example.com'),
('16050530', 'Teresa', 'Sánchez Rodríguez', 'Femenino', '2007-01-01', 'Bolívar', 'Soltero', '0412-5392519', 'user16050530@example.com'),
('16072883', 'Gabriela', 'Ríos Suárez', 'Femenino', '1983-01-01', 'Cojedes', 'Soltero', '0412-8572663', 'user16072883@example.com'),
('16094001', 'Iván', 'Hernández Silva', 'Masculino', '1985-01-01', 'Trujillo', 'Soltero', '0412-7551483', 'user16094001@example.com'),
('16120584', 'Luis', 'Ibarra Campos', 'Masculino', '2004-01-01', 'Trujillo', 'Soltero', '0412-7445911', 'user16120584@example.com'),
('16231993', 'Ricardo', 'González Mendoza', 'Masculino', '1979-01-01', 'Táchira', 'Soltero', '0412-8666044', 'user16231993@example.com'),
('16233536', 'Beatriz', 'Giménez Cordero', 'Femenino', '2007-01-01', 'Táchira', 'Soltero', '0412-2176851', 'user16233536@example.com'),
('16277770', 'Sofía', 'Cano Castro', 'Femenino', '1978-01-01', 'Anzoátegui', 'Soltero', '0412-8366776', 'user16277770@example.com'),
('16286427', 'Mauricio', 'Cano García', 'Masculino', '2009-01-01', 'Falcón', 'Soltero', '0412-6895751', 'user16286427@example.com'),
('16363840', 'Fernanda', 'Peña Ibarra', 'Femenino', '1983-01-01', 'Miranda', 'Soltero', '0412-9176187', 'user16363840@example.com'),
('16404097', 'Carolina', 'Pérez García', 'Femenino', '1974-01-01', 'Guárico', 'Soltero', '0412-9177642', 'user16404097@example.com'),
('16529884', 'Paola', 'Ríos Vásquez', 'Femenino', '1982-01-01', 'Distrito Capital', 'Soltero', '0412-7452961', 'user16529884@example.com'),
('16536744', 'Raúl', 'Guzmán Ramírez', 'Masculino', '1977-01-01', 'Bolívar', 'Soltero', '0412-4054257', 'user16536744@example.com'),
('16543552', 'Rafael', 'Martínez Blanco', 'Masculino', '2009-01-01', 'Anzoátegui', 'Soltero', '0412-3467854', 'user16543552@example.com'),
('16621255', 'Héctor', 'Reyes Guzmán', 'Masculino', '1990-01-01', 'Sucre', 'Soltero', '0412-7045181', 'user16621255@example.com'),
('16652128', 'Verónica', 'Díaz Suárez', 'Femenino', '1982-01-01', 'Bolívar', 'Soltero', '0412-2541996', 'user16652128@example.com'),
('16662887', 'Adriana', 'Ortega Giménez', 'Femenino', '2008-01-01', 'Monagas', 'Soltero', '0412-3258752', 'user16662887@example.com'),
('16689305', 'Gabriela', 'Mendoza Sánchez', 'Femenino', '2008-01-01', 'Aragua', 'Soltero', '0412-9231726', 'user16689305@example.com'),
('16718688', 'Camila', 'Reyes Torres', 'Femenino', '1976-01-01', 'Aragua', 'Soltero', '0412-1883401', 'user16718688@example.com'),
('16739444', 'Rafael', 'Núñez Campos', 'Masculino', '2008-01-01', 'Portuguesa', 'Soltero', '0412-2841135', 'user16739444@example.com'),
('16955797', 'Beatriz', 'Campos García', 'Femenino', '2004-01-01', 'Falcón', 'Soltero', '0412-2465866', 'user16955797@example.com'),
('16981721', 'Jorge', 'Campos Ortega', 'Masculino', '1976-01-01', 'Bolívar', 'Soltero', '0412-6454790', 'user16981721@example.com'),
('17073909', 'Mauricio', 'Cano García', 'Masculino', '2007-01-01', 'Mérida', 'Soltero', '0412-6259850', 'user17073909@example.com'),
('17094957', 'Gabriela', 'Sánchez Valencia', 'Femenino', '2005-01-01', 'Sucre', 'Soltero', '0412-5802874', 'user17094957@example.com'),
('17118608', 'Roxana', 'Blanco Ríos', 'Femenino', '1984-01-01', 'Aragua', 'Soltero', '0412-4614093', 'user17118608@example.com'),
('17145474', 'Daniela', 'Salazar Miranda', 'Femenino', '1978-01-01', 'Barinas', 'Soltero', '0412-9451061', 'user17145474@example.com'),
('17150171', 'Miguel', 'Ramírez Mendoza', 'Masculino', '2008-01-01', 'Bolívar', 'Soltero', '0412-1689472', 'user17150171@example.com'),
('17154731', 'Mauricio', 'Salazar Ortega', 'Masculino', '1984-01-01', 'Cojedes', 'Soltero', '0412-4201165', 'user17154731@example.com'),
('17181012', 'Fernanda', 'Miranda Ríos', 'Femenino', '2004-01-01', 'Aragua', 'Soltero', '0412-8081080', 'user17181012@example.com'),
('17196042', 'Miguel', 'Ramírez Vásquez', 'Masculino', '2009-01-01', 'Carabobo', 'Soltero', '0412-3095675', 'user17196042@example.com'),
('17220889', 'Tomás', 'Vega Hernández', 'Masculino', '2004-01-01', 'Monagas', 'Soltero', '0412-8958445', 'user17220889@example.com'),
('17228491', 'Alberto', 'Ibarra Miranda', 'Masculino', '2008-01-01', 'Apure', 'Soltero', '0412-2760666', 'user17228491@example.com'),
('17241194', 'Víctor', 'Núñez Blanco', 'Masculino', '1977-01-01', 'Sucre', 'Soltero', '0412-2442373', 'user17241194@example.com'),
('17280176', 'Tomás', 'Castro Suárez', 'Masculino', '1977-01-01', 'Apure', 'Soltero', '0412-7315534', 'user17280176@example.com'),
('17314401', 'Ricardo', 'Vega Martínez', 'Masculino', '1981-01-01', 'Barinas', 'Soltero', '0412-8144652', 'user17314401@example.com'),
('17335197', 'Juan', 'Mendoza Silva', 'Masculino', '2008-01-01', 'Yaracuy', 'Soltero', '0412-9591014', 'user17335197@example.com'),
('17350751', 'Adrián', 'Ramírez González', 'Masculino', '1981-01-01', 'Bolívar', 'Soltero', '0412-9261712', 'user17350751@example.com'),
('17407353', 'Hernán', 'Salazar Silva', 'Masculino', '2006-01-01', 'Trujillo', 'Soltero', '0412-3278032', 'user17407353@example.com'),
('17527328', 'Emilio', 'Hernández Peña', 'Masculino', '2007-01-01', 'Lara', 'Soltero', '0412-2648021', 'user17527328@example.com'),
('17548749', 'Víctor', 'Mendoza Ríos', 'Masculino', '2007-01-01', 'Bolívar', 'Soltero', '0412-2977723', 'user17548749@example.com'),
('17562322', 'Pedro', 'Salazar Ortega', 'Masculino', '2004-01-01', 'Táchira', 'Soltero', '0412-8859642', 'user17562322@example.com'),
('17667945', 'César', 'Castro Cordero', 'Masculino', '1984-01-01', 'Bolívar', 'Soltero', '0412-5002123', 'user17667945@example.com'),
('17671385', 'Elena', 'Campos Peña', 'Femenino', '2004-01-01', 'Cojedes', 'Soltero', '0412-3720366', 'user17671385@example.com'),
('17683547', 'Paola', 'Cordero Hernández', 'Femenino', '2006-01-01', 'Trujillo', 'Soltero', '0412-2441592', 'user17683547@example.com'),
('17704948', 'Miguel', 'Moreno Ramírez', 'Masculino', '1984-01-01', 'Miranda', 'Soltero', '0412-4911597', 'user17704948@example.com'),
('17725255', 'Héctor', 'Guzmán Vásquez', 'Masculino', '1985-01-01', 'Mérida', 'Soltero', '0412-8263113', 'user17725255@example.com'),
('17739303', 'Sofía', 'Soto Moreno', 'Femenino', '2007-01-01', 'Monagas', 'Soltero', '0412-4288187', 'user17739303@example.com'),
('17767315', 'Adrián', 'Fernández Vásquez', 'Masculino', '1989-01-01', 'Anzoátegui', 'Soltero', '0412-7200918', 'user17767315@example.com'),
('17792897', 'Patricia', 'Soto Díaz', 'Femenino', '1976-01-01', 'Apure', 'Soltero', '0412-7038127', 'user17792897@example.com'),
('17826689', 'Lucía', 'González Pérez', 'Femenino', '1982-01-01', 'Mérida', 'Soltero', '0412-3706503', 'user17826689@example.com'),
('17832642', 'Gabriel', 'Guzmán Suárez', 'Masculino', '2009-01-01', 'Mérida', 'Soltero', '0412-7169399', 'user17832642@example.com'),
('17850436', 'Ana', 'Miranda Giménez', 'Femenino', '1986-01-01', 'Lara', 'Soltero', '0412-9563616', 'user17850436@example.com'),
('17987723', 'Felipe', 'Suárez Reyes', 'Masculino', '1976-01-01', 'Portuguesa', 'Soltero', '0412-6614290', 'user17987723@example.com'),
('18035338', 'Miguel', 'Vega Salazar', 'Masculino', '1977-01-01', 'Barinas', 'Soltero', '0412-2989863', 'user18035338@example.com'),
('18152145', 'Inés', 'Moreno Torres', 'Femenino', '2009-01-01', 'Aragua', 'Soltero', '0412-6903921', 'user18152145@example.com'),
('18163473', 'Rubén', 'Cordero Castro', 'Masculino', '2005-01-01', 'Monagas', 'Soltero', '0412-6510070', 'user18163473@example.com'),
('18165359', 'Sebastián', 'Pérez Ríos', 'Masculino', '2004-01-01', 'Aragua', 'Soltero', '0412-2738935', 'user18165359@example.com'),
('18201989', 'Isabel', 'Torres Valencia', 'Femenino', '1979-01-01', 'Apure', 'Soltero', '0412-1423088', 'user18201989@example.com'),
('18246821', 'Teresa', 'Núñez Torres', 'Femenino', '1984-01-01', 'Portuguesa', 'Soltero', '0412-4086547', 'user18246821@example.com'),
('18358283', 'Miguel', 'Martínez Sánchez', 'Masculino', '2005-01-01', 'Yaracuy', 'Soltero', '0412-7463302', 'user18358283@example.com'),
('18417978', 'Roxana', 'Mendoza González', 'Femenino', '2007-01-01', 'Mérida', 'Soltero', '0412-5116266', 'user18417978@example.com'),
('18469940', 'Sebastián', 'Pérez Blanco', 'Masculino', '2004-01-01', 'Falcón', 'Soltero', '0412-9892131', 'user18469940@example.com'),
('18530893', 'Raúl', 'Núñez Salazar', 'Masculino', '1977-01-01', 'Lara', 'Soltero', '0412-4279322', 'user18530893@example.com'),
('18594972', 'Verónica', 'Cano Núñez', 'Femenino', '2008-01-01', 'Sucre', 'Soltero', '0412-2285536', 'user18594972@example.com'),
('18634610', 'Rubén', 'Ramírez Valencia', 'Masculino', '2004-01-01', 'Anzoátegui', 'Soltero', '0412-1699065', 'user18634610@example.com'),
('18676054', 'Felipe', 'Reyes Ríos', 'Masculino', '2006-01-01', 'Cojedes', 'Soltero', '0412-6015878', 'user18676054@example.com'),
('18702442', 'Alberto', 'González Ortega', 'Masculino', '2004-01-01', 'Mérida', 'Soltero', '0412-8437281', 'user18702442@example.com'),
('18726152', 'Miguel', 'Cordero Giménez', 'Masculino', '2006-01-01', 'Portuguesa', 'Soltero', '0412-3965959', 'user18726152@example.com'),
('18811320', 'Fernanda', 'González Hernández', 'Femenino', '1990-01-01', 'Cojedes', 'Soltero', '0412-9780764', 'user18811320@example.com'),
('18842656', 'Mónica', 'Pérez Díaz', 'Femenino', '2007-01-01', 'Guárico', 'Soltero', '0412-2686001', 'user18842656@example.com'),
('18854101', 'Inés', 'Soto Castro', 'Femenino', '1981-01-01', 'Lara', 'Soltero', '0412-9497216', 'user18854101@example.com'),
('18881297', 'Ricardo', 'Martínez Campos', 'Masculino', '1983-01-01', 'Táchira', 'Soltero', '0412-4702721', 'user18881297@example.com'),
('18891596', 'Carla', 'Valencia Martínez', 'Femenino', '2006-01-01', 'Sucre', 'Soltero', '0412-2667068', 'user18891596@example.com'),
('18897679', 'Carolina', 'Suárez Rodríguez', 'Femenino', '1989-01-01', 'Trujillo', 'Soltero', '0412-2224152', 'user18897679@example.com'),
('18916667', 'Emilio', 'Reyes Campos', 'Masculino', '2005-01-01', 'Aragua', 'Soltero', '0412-1440972', 'user18916667@example.com'),
('18945098', 'Tomás', 'Díaz Soto', 'Masculino', '2004-01-01', 'Lara', 'Soltero', '0412-6149426', 'user18945098@example.com'),
('18993219', 'Rosa', 'Cano Vega', 'Femenino', '1977-01-01', 'Trujillo', 'Soltero', '0412-4681642', 'user18993219@example.com'),
('19019982', 'Valentina', 'Ríos García', 'Femenino', '1981-01-01', 'Apure', 'Soltero', '0412-8642710', 'user19019982@example.com'),
('19042586', 'César', 'Mendoza Pérez', 'Masculino', '1976-01-01', 'Barinas', 'Soltero', '0412-5376015', 'user19042586@example.com'),
('19163112', 'Verónica', 'Suárez Vega', 'Femenino', '1987-01-01', 'Carabobo', 'Soltero', '0412-3020106', 'user19163112@example.com'),
('19178987', 'Ana', 'Ríos Cordero', 'Femenino', '1981-01-01', 'Mérida', 'Soltero', '0412-5167489', 'user19178987@example.com'),
('19235548', 'Ana', 'Soto Pérez', 'Femenino', '1985-01-01', 'Apure', 'Soltero', '0412-8823446', 'user19235548@example.com'),
('19481112', 'Hernán', 'González Salazar', 'Masculino', '2008-01-01', 'Sucre', 'Soltero', '0412-1496810', 'user19481112@example.com'),
('19585138', 'Alberto', 'Reyes Moreno', 'Masculino', '1989-01-01', 'Distrito Capital', 'Soltero', '0412-9163005', 'user19585138@example.com'),
('19634029', 'Rubén', 'Salazar García', 'Masculino', '2007-01-01', 'Apure', 'Soltero', '0412-5734804', 'user19634029@example.com'),
('19675898', 'Claudia', 'Moreno Campos', 'Femenino', '2004-01-01', 'Miranda', 'Soltero', '0412-4086328', 'user19675898@example.com'),
('19810099', 'Yolanda', 'Campos Ríos', 'Femenino', '2009-01-01', 'Táchira', 'Soltero', '0412-2820573', 'user19810099@example.com'),
('19813548', 'Víctor', 'Soto Ramírez', 'Masculino', '1978-01-01', 'Aragua', 'Soltero', '0412-7530677', 'user19813548@example.com'),
('19820199', 'Claudia', 'Sánchez Blanco', 'Femenino', '1986-01-01', 'Cojedes', 'Soltero', '0412-6681658', 'user19820199@example.com'),
('19825917', 'Hernán', 'Ortega Ibarra', 'Masculino', '2007-01-01', 'Falcón', 'Soltero', '0412-3890316', 'user19825917@example.com'),
('19894659', 'Gabriel', 'Hernández Martínez', 'Masculino', '1990-01-01', 'Táchira', 'Soltero', '0412-5276696', 'user19894659@example.com'),
('19904626', 'Verónica', 'Miranda Reyes', 'Femenino', '2005-01-01', 'Cojedes', 'Soltero', '0412-4578133', 'user19904626@example.com'),
('20003401', 'Yolanda', 'González Martínez', 'Femenino', '2009-01-01', 'Anzoátegui', 'Soltero', '0412-8802717', 'user20003401@example.com'),
('20034871', 'Yolanda', 'Peña Díaz', 'Femenino', '1980-01-01', 'Monagas', 'Soltero', '0412-6452739', 'user20034871@example.com'),
('20047181', 'Luisa', 'Pérez Campos', 'Femenino', '1987-01-01', 'Bolívar', 'Soltero', '0412-3553317', 'user20047181@example.com'),
('20061612', 'José', 'González Hernández', 'Masculino', '2004-01-01', 'Portuguesa', 'Soltero', '0412-1057975', 'user20061612@example.com'),
('20237927', 'Rosa', 'Silva García', 'Femenino', '1975-01-01', 'Monagas', 'Soltero', '0412-9935985', 'user20237927@example.com'),
('20259367', 'Gabriela', 'Miranda Torres', 'Femenino', '1989-01-01', 'Guárico', 'Soltero', '0412-9158178', 'user20259367@example.com'),
('20321618', 'Carla', 'Ortega Soto', 'Femenino', '2004-01-01', 'Guárico', 'Soltero', '0412-8093092', 'user20321618@example.com'),
('20479437', 'Yolanda', 'Reyes Martínez', 'Femenino', '2007-01-01', 'Guárico', 'Soltero', '0412-9174435', 'user20479437@example.com'),
('20533811', 'Rubén', 'Ramírez Díaz', 'Masculino', '2007-01-01', 'Apure', 'Soltero', '0412-8116951', 'user20533811@example.com'),
('20633272', 'Ricardo', 'Miranda González', 'Masculino', '2009-01-01', 'Miranda', 'Soltero', '0412-8318697', 'user20633272@example.com'),
('20679040', 'Paola', 'Valencia Rodríguez', 'Femenino', '1989-01-01', 'Monagas', 'Soltero', '0412-7509529', 'user20679040@example.com'),
('20705401', 'Pilar', 'Cano Giménez', 'Femenino', '1976-01-01', 'Cojedes', 'Soltero', '0412-3486085', 'user20705401@example.com'),
('20736882', 'María', 'Moreno Hernández', 'Femenino', '2008-01-01', 'Miranda', 'Soltero', '0412-8491661', 'user20736882@example.com'),
('20860658', 'Teresa', 'Sánchez Giménez', 'Femenino', '1989-01-01', 'Distrito Capital', 'Soltero', '0412-3323676', 'user20860658@example.com'),
('20898650', 'Noelia', 'Pérez Moreno', 'Femenino', '1989-01-01', 'Trujillo', 'Soltero', '0412-3952264', 'user20898650@example.com'),
('20927873', 'Paola', 'García Silva', 'Femenino', '1979-01-01', 'Barinas', 'Soltero', '0412-2935308', 'user20927873@example.com'),
('21056393', 'Raúl', 'Díaz Soto', 'Masculino', '2005-01-01', 'Apure', 'Soltero', '0412-7069989', 'user21056393@example.com'),
('21081413', 'Fernanda', 'Soto Ríos', 'Femenino', '2006-01-01', 'Monagas', 'Soltero', '0412-4087859', 'user21081413@example.com'),
('21134614', 'Fernanda', 'Díaz Blanco', 'Femenino', '2009-01-01', 'Táchira', 'Soltero', '0412-6184403', 'user21134614@example.com'),
('21194294', 'María', 'Cano Torres', 'Femenino', '1983-01-01', 'Táchira', 'Soltero', '0412-7473988', 'user21194294@example.com'),
('21196756', 'Miguel', 'Silva Mendoza', 'Masculino', '2008-01-01', 'Anzoátegui', 'Soltero', '0412-7699535', 'user21196756@example.com'),
('21208039', 'Camila', 'Núñez Vásquez', 'Femenino', '1976-01-01', 'Portuguesa', 'Soltero', '0412-9262606', 'user21208039@example.com'),
('21253782', 'Rubén', 'Guzmán Silva', 'Masculino', '1986-01-01', 'Cojedes', 'Soltero', '0412-4943429', 'user21253782@example.com'),
('21263089', 'Víctor', 'Ramírez Peña', 'Masculino', '1976-01-01', 'Barinas', 'Soltero', '0412-2842182', 'user21263089@example.com'),
('21391993', 'Roxana', 'González Fernández', 'Femenino', '2006-01-01', 'Aragua', 'Soltero', '0412-3212976', 'user21391993@example.com'),
('21410145', 'Juan', 'Reyes Moreno', 'Masculino', '2006-01-01', 'Bolívar', 'Soltero', '0412-9046180', 'user21410145@example.com'),
('21442504', 'Luis', 'Salazar Torres', 'Masculino', '1982-01-01', 'Zulia', 'Soltero', '0412-6814553', 'user21442504@example.com'),
('21478650', 'Germán', 'Blanco Fernández', 'Masculino', '1981-01-01', 'Yaracuy', 'Soltero', '0412-9301444', 'user21478650@example.com'),
('21565350', 'Germán', 'Soto Martínez', 'Masculino', '1981-01-01', 'Carabobo', 'Soltero', '0412-7972406', 'user21565350@example.com'),
('21623964', 'Gabriela', 'Salazar Moreno', 'Femenino', '1985-01-01', 'Mérida', 'Soltero', '0412-7482811', 'user21623964@example.com'),
('21650876', 'Tomás', 'Moreno Silva', 'Masculino', '1984-01-01', 'Miranda', 'Soltero', '0412-2350959', 'user21650876@example.com'),
('21658752', 'Carolina', 'Vásquez Ibarra', 'Femenino', '2009-01-01', 'Falcón', 'Soltero', '0412-4013708', 'user21658752@example.com'),
('21705826', 'Cristian', 'Rodríguez Soto', 'Masculino', '2007-01-01', 'Miranda', 'Soltero', '0412-8229435', 'user21705826@example.com'),
('21717051', 'Mauricio', 'Castro Torres', 'Masculino', '2006-01-01', 'Sucre', 'Soltero', '0412-5498448', 'user21717051@example.com'),
('21754724', 'Tomás', 'Núñez Pérez', 'Masculino', '2004-01-01', 'Trujillo', 'Soltero', '0412-5296079', 'user21754724@example.com'),
('21772305', 'Pilar', 'Peña Torres', 'Femenino', '2008-01-01', 'Aragua', 'Soltero', '0412-2490647', 'user21772305@example.com'),
('21790190', 'Yolanda', 'Ríos Soto', 'Femenino', '2006-01-01', 'Anzoátegui', 'Soltero', '0412-1750837', 'user21790190@example.com'),
('21843587', 'Beatriz', 'Vásquez Pérez', 'Femenino', '2004-01-01', 'Monagas', 'Soltero', '0412-6303415', 'user21843587@example.com'),
('21855423', 'Miguel', 'Cordero Fernández', 'Masculino', '1975-01-01', 'Cojedes', 'Soltero', '0412-3135932', 'user21855423@example.com'),
('21861752', 'Rubén', 'Campos Ramírez', 'Masculino', '2007-01-01', 'Sucre', 'Soltero', '0412-1050495', 'user21861752@example.com'),
('21926146', 'Diego', 'Díaz Campos', 'Masculino', '1984-01-01', 'Mérida', 'Soltero', '0412-1864642', 'user21926146@example.com'),
('22184089', 'Miguel', 'Peña Silva', 'Masculino', '2008-01-01', 'Carabobo', 'Soltero', '0412-5873380', 'user22184089@example.com'),
('22247221', 'Gabriela', 'Torres Cano', 'Femenino', '2004-01-01', 'Carabobo', 'Soltero', '0412-6186724', 'user22247221@example.com'),
('22304427', 'Pedro', 'Giménez Blanco', 'Masculino', '1990-01-01', 'Sucre', 'Soltero', '0412-2339179', 'user22304427@example.com'),
('22364569', 'Gabriel', 'Giménez Núñez', 'Masculino', '1981-01-01', 'Zulia', 'Soltero', '0412-9099454', 'user22364569@example.com'),
('22431957', 'Elena', 'Ortega Pérez', 'Femenino', '1979-01-01', 'Distrito Capital', 'Soltero', '0412-6946251', 'user22431957@example.com'),
('224563763', 'Adrian', 'Fonseca', 'Masculino', '2005-10-12', 'Barquisimeto', 'Soltero', '04245665767', 'ricardoalzarazc56@gmail.com'),
('22510901', 'Fernanda', 'Ortega Torres', 'Femenino', '1986-01-01', 'Guárico', 'Soltero', '0412-5592253', 'user22510901@example.com'),
('22616883', 'Carla', 'Castro Guzmán', 'Femenino', '2007-01-01', 'Bolívar', 'Soltero', '0412-4550998', 'user22616883@example.com'),
('22663799', 'Héctor', 'Soto Miranda', 'Masculino', '2005-01-01', 'Carabobo', 'Soltero', '0412-1087574', 'user22663799@example.com'),
('22684489', 'Camila', 'Hernández Suárez', 'Femenino', '2005-01-01', 'Táchira', 'Soltero', '0412-1588559', 'user22684489@example.com'),
('22734664', 'Cristian', 'Reyes Ibarra', 'Masculino', '2006-01-01', 'Yaracuy', 'Soltero', '0412-2937175', 'user22734664@example.com'),
('22751168', 'César', 'Peña Blanco', 'Masculino', '1979-01-01', 'Lara', 'Soltero', '0412-2380725', 'user22751168@example.com'),
('22775982', 'Alejandra', 'Núñez Ramírez', 'Femenino', '1989-01-01', 'Mérida', 'Soltero', '0412-7231253', 'user22775982@example.com'),
('22969599', 'Héctor', 'Torres García', 'Masculino', '1976-01-01', 'Trujillo', 'Soltero', '0412-8127333', 'user22969599@example.com'),
('23007385', 'Elena', 'Hernández Torres', 'Femenino', '2007-01-01', 'Anzoátegui', 'Soltero', '0412-4094668', 'user23007385@example.com'),
('23101888', 'Sebastián', 'Reyes Castro', 'Masculino', '1981-01-01', 'Táchira', 'Soltero', '0412-6453483', 'user23101888@example.com'),
('23134815', 'Ricardo', 'Díaz Fernández', 'Masculino', '1985-01-01', 'Mérida', 'Soltero', '0412-3800515', 'user23134815@example.com'),
('23162294', 'Pedro', 'Sánchez Suárez', 'Masculino', '2005-01-01', 'Monagas', 'Soltero', '0412-1039804', 'user23162294@example.com'),
('23262058', 'Isabel', 'García Núñez', 'Femenino', '2004-01-01', 'Mérida', 'Soltero', '0412-6363391', 'user23262058@example.com'),
('23265818', 'Germán', 'Cordero Ramírez', 'Masculino', '1976-01-01', 'Táchira', 'Soltero', '0412-8190362', 'user23265818@example.com'),
('23278998', 'Ricardo', 'Pérez González', 'Masculino', '1978-01-01', 'Monagas', 'Soltero', '0412-9254678', 'user23278998@example.com'),
('23295079', 'Cristian', 'Cordero Núñez', 'Masculino', '2006-01-01', 'Distrito Capital', 'Soltero', '', ''),
('23334805', 'Sofía', 'Moreno Campos', 'Femenino', '1978-01-01', 'Mérida', 'Soltero', '0412-8398727', 'user23334805@example.com'),
('23357320', 'Hernán', 'Peña Castro', 'Masculino', '2008-01-01', 'Portuguesa', 'Soltero', '0412-9256058', 'user23357320@example.com'),
('23382216', 'Raúl', 'Cano Núñez', 'Masculino', '1978-01-01', 'Apure', 'Soltero', '0412-2818950', 'user23382216@example.com'),
('23444636', 'Valentina', 'Fernández Martínez', 'Femenino', '2009-01-01', 'Anzoátegui', 'Soltero', '0412-6668168', 'user23444636@example.com'),
('23481215', 'Rosa', 'Soto Fernández', 'Femenino', '1983-01-01', 'Bolívar', 'Soltero', '0412-9463136', 'user23481215@example.com'),
('23484602', 'Sofía', 'Vásquez Reyes', 'Femenino', '1977-01-01', 'Trujillo', 'Soltero', '0412-6766081', 'user23484602@example.com'),
('23550969', 'Cristian', 'Sánchez Núñez', 'Masculino', '2006-01-01', 'Mérida', 'Soltero', '0412-6275134', 'user23550969@example.com'),
('23779482', 'María', 'Mendoza Campos', 'Femenino', '2008-01-01', 'Distrito Capital', 'Soltero', '0412-2608618', 'user23779482@example.com'),
('23861615', 'Víctor', 'Miranda Ibarra', 'Masculino', '2006-01-01', 'Zulia', 'Soltero', '0412-1091812', 'user23861615@example.com'),
('24033933', 'Iván', 'Cano Torres', 'Masculino', '2009-01-01', 'Bolívar', 'Soltero', '0412-3152453', 'user24033933@example.com'),
('24038739', 'Andrés', 'Cordero García', 'Masculino', '1974-01-01', 'Bolívar', 'Soltero', '0412-9916317', 'user24038739@example.com'),
('24056944', 'Luis', 'Soto Torres', 'Masculino', '2009-01-01', 'Zulia', 'Soltero', '0412-4407138', 'user24056944@example.com'),
('24175203', 'Daniela', 'García Vásquez', 'Femenino', '2008-01-01', 'Aragua', 'Soltero', '0412-6980326', 'user24175203@example.com'),
('24191211', 'Fernanda', 'Díaz Miranda', 'Femenino', '1986-01-01', 'Apure', 'Soltero', '0412-8959549', 'user24191211@example.com'),
('24227773', 'Carolina', 'Rodríguez Guzmán', 'Femenino', '1980-01-01', 'Bolívar', 'Soltero', '0412-1388768', 'user24227773@example.com'),
('24301635', 'Luis', 'Rodríguez Torres', 'Masculino', '2006-01-01', 'Portuguesa', 'Soltero', '0412-6974604', 'user24301635@example.com'),
('24349302', 'Luis', 'Vega Torres', 'Masculino', '1979-01-01', 'Mérida', 'Soltero', '0412-4835996', 'user24349302@example.com'),
('24376807', 'Verónica', 'Ibarra Ortega', 'Femenino', '1983-01-01', 'Monagas', 'Soltero', '0412-1634141', 'user24376807@example.com'),
('24386209', 'Noelia', 'Castro Valencia', 'Femenino', '2009-01-01', 'Sucre', 'Soltero', '0412-2969615', 'user24386209@example.com'),
('24399545', 'Ana', 'Guzmán Reyes', 'Femenino', '1985-01-01', 'Falcón', 'Soltero', '0412-6307295', 'user24399545@example.com'),
('24562672', 'Germán', 'Hernández Moreno', 'Masculino', '1978-01-01', 'Anzoátegui', 'Soltero', '0412-7799228', 'user24562672@example.com'),
('24576850', 'Claudia', 'Ortega Soto', 'Femenino', '2005-01-01', 'Monagas', 'Soltero', '0412-8532611', 'user24576850@example.com'),
('24610840', 'Beatriz', 'Blanco Ibarra', 'Femenino', '1983-01-01', 'Apure', 'Soltero', '0412-1276585', 'user24610840@example.com'),
('24711762', 'Mónica', 'Giménez Suárez', 'Femenino', '2009-01-01', 'Táchira', 'Soltero', '0412-3350957', 'user24711762@example.com'),
('24718127', 'Andrés', 'Valencia Rodríguez', 'Masculino', '2007-01-01', 'Sucre', 'Soltero', '0412-6434557', 'user24718127@example.com'),
('24795116', 'Daniela', 'Cano Vega', 'Femenino', '2004-01-01', 'Mérida', 'Soltero', '0412-8063146', 'user24795116@example.com'),
('24814613', 'Tomás', 'Cordero Vega', 'Masculino', '2004-01-01', 'Lara', 'Soltero', '0412-1270932', 'user24814613@example.com'),
('24871985', 'Beatriz', 'García Hernández', 'Femenino', '1978-01-01', 'Miranda', 'Soltero', '0412-2696882', 'user24871985@example.com'),
('24885277', 'César', 'Guzmán Reyes', 'Masculino', '1990-01-01', 'Aragua', 'Soltero', '0412-8918359', 'user24885277@example.com'),
('24897566', 'Emilio', 'Peña Reyes', 'Masculino', '1987-01-01', 'Barinas', 'Soltero', '0412-5843226', 'user24897566@example.com'),
('24943956', 'Alejandra', 'Fernández Suárez', 'Femenino', '1980-01-01', 'Aragua', 'Soltero', '0412-3748830', 'user24943956@example.com'),
('24973655', 'Nicolás', 'Ramírez Vega', 'Masculino', '1983-01-01', 'Falcón', 'Soltero', '0412-2155337', 'user24973655@example.com'),
('25013149', 'Rubén', 'Peña Cano', 'Masculino', '1978-01-01', 'Apure', 'Soltero', '0412-8007723', 'user25013149@example.com'),
('25038718', 'Camila', 'Blanco Valencia', 'Femenino', '2009-01-01', 'Lara', 'Soltero', '0412-3912083', 'user25038718@example.com'),
('25055721', 'Lucía', 'Pérez Suárez', 'Femenino', '1978-01-01', 'Sucre', 'Soltero', '0412-2187829', 'user25055721@example.com'),
('25078359', 'Luis', 'Peña Díaz', 'Masculino', '2006-01-01', 'Falcón', 'Soltero', '0412-8509730', 'user25078359@example.com'),
('25165706', 'Alberto', 'Torres Blanco', 'Masculino', '2009-01-01', 'Falcón', 'Soltero', '0412-1158927', 'user25165706@example.com'),
('25214604', 'Raúl', 'Ortega González', 'Masculino', '1990-01-01', 'Guárico', 'Soltero', '0412-2012468', 'user25214604@example.com'),
('25252233', 'Elena', 'Silva Salazar', 'Femenino', '1987-01-01', 'Falcón', 'Soltero', '0412-2490481', 'user25252233@example.com'),
('25260575', 'Germán', 'Castro Ríos', 'Masculino', '1986-01-01', 'Barinas', 'Soltero', '0412-2584104', 'user25260575@example.com'),
('25276244', 'Rafael', 'Hernández Martínez', 'Masculino', '2007-01-01', 'Falcón', 'Soltero', '0412-7940631', 'user25276244@example.com'),
('25292400', 'Lucía', 'Giménez Vega', 'Femenino', '2007-01-01', 'Falcón', 'Soltero', '0412-7086082', 'user25292400@example.com'),
('25480999', 'Verónica', 'García Reyes', 'Femenino', '1975-01-01', 'Falcón', 'Soltero', '0412-9378448', 'user25480999@example.com'),
('25506357', 'Rosa', 'Torres Suárez', 'Femenino', '1977-01-01', 'Sucre', 'Soltero', '0412-3005473', 'user25506357@example.com'),
('25528818', 'Roxana', 'Vega Torres', 'Femenino', '2005-01-01', 'Portuguesa', 'Soltero', '0412-3460703', 'user25528818@example.com'),
('25585441', 'Rubén', 'Vega Hernández', 'Masculino', '1988-01-01', 'Miranda', 'Soltero', '0412-9801884', 'user25585441@example.com'),
('25593118', 'Diego', 'Martínez Hernández', 'Masculino', '1979-01-01', 'Barinas', 'Soltero', '0412-2265661', 'user25593118@example.com'),
('25675755', 'César', 'Giménez Guzmán', 'Masculino', '1978-01-01', 'Guárico', 'Soltero', '0412-3766204', 'user25675755@example.com'),
('25719526', 'Carlos', 'Sánchez Cano', 'Masculino', '2007-01-01', 'Distrito Capital', 'Soltero', '0412-6640707', 'user25719526@example.com'),
('25827573', 'Yolanda', 'Moreno Pérez', 'Femenino', '1984-01-01', 'Apure', 'Soltero', '0412-6711171', 'user25827573@example.com'),
('25848796', 'Claudia', 'Díaz Cordero', 'Femenino', '2005-01-01', 'Cojedes', 'Soltero', '0412-4791835', 'user25848796@example.com'),
('25854179', 'Luisa', 'García Hernández', 'Femenino', '1975-01-01', 'Cojedes', 'Soltero', '0412-3687151', 'user25854179@example.com'),
('25892158', 'María', 'Blanco García', 'Femenino', '2004-01-01', 'Yaracuy', 'Soltero', '0412-4691595', 'user25892158@example.com'),
('25892495', 'Luis', 'Giménez Fernández', 'Masculino', '2005-01-01', 'Carabobo', 'Soltero', '0412-7239288', 'user25892495@example.com'),
('25924556', 'César', 'Salazar Valencia', 'Masculino', '1982-01-01', 'Bolívar', 'Soltero', '0412-7594459', 'user25924556@example.com'),
('25982843', 'Emilio', 'González Ibarra', 'Masculino', '2007-01-01', 'Aragua', 'Soltero', '0412-5821115', 'user25982843@example.com'),
('26018689', 'Iván', 'Silva Peña', 'Masculino', '1976-01-01', 'Zulia', 'Soltero', '0412-8842799', 'user26018689@example.com'),
('26022315', 'Daniela', 'Hernández Ramírez', 'Femenino', '1984-01-01', 'Anzoátegui', 'Soltero', '0412-5541003', 'user26022315@example.com'),
('26040166', 'Gabriel', 'Moreno Rodríguez', 'Masculino', '2005-01-01', 'Barinas', 'Soltero', '0412-1262449', 'user26040166@example.com'),
('26052633', 'Cristian', 'Fernández Salazar', 'Masculino', '1974-01-01', 'Mérida', 'Soltero', '0412-2875726', 'user26052633@example.com'),
('26232780', 'Víctor', 'Cano Sánchez', 'Masculino', '1979-01-01', 'Carabobo', 'Soltero', '0412-1856239', 'user26232780@example.com'),
('26417092', 'Rafael', 'Cano García', 'Masculino', '2009-01-01', 'Barinas', 'Soltero', '0412-5008652', 'user26417092@example.com'),
('26424376', 'Alejandra', 'García Giménez', 'Femenino', '1984-01-01', 'Zulia', 'Soltero', '0412-5611149', 'user26424376@example.com'),
('26430881', 'Andrés', 'Blanco Peña', 'Masculino', '1984-01-01', 'Táchira', 'Soltero', '0412-1481014', 'user26430881@example.com'),
('26462772', 'Iván', 'Díaz Ibarra', 'Masculino', '1987-01-01', 'Portuguesa', 'Soltero', '0412-1033156', 'user26462772@example.com'),
('26487422', 'José', 'Guzmán Blanco', 'Masculino', '1988-01-01', 'Barinas', 'Soltero', '0412-4259023', 'user26487422@example.com'),
('26563569', 'Adrián', 'Salazar Vásquez', 'Masculino', '1982-01-01', 'Yaracuy', 'Soltero', '0412-7628198', 'user26563569@example.com'),
('26638210', 'Adriana', 'Campos Soto', 'Femenino', '2008-01-01', 'Táchira', 'Soltero', '0412-5275466', 'user26638210@example.com'),
('26643236', 'Carlos', 'Blanco Giménez', 'Masculino', '2006-01-01', 'Trujillo', 'Soltero', '0412-1230052', 'user26643236@example.com'),
('28609560', 'Jugney', 'Vargas', 'Masculino', '2012-06-22', 'El triunfo', 'Casado', '04244034515', 'jugneycontacto@gmail.com'),
('29831802', 'FABIAN JOSE', 'MARQUEZ LUCES', 'Masculino', '2002-07-20', 'San Felipe', 'Soltero', '04142235183', 'fabianmarquezjl@gmail.com'),
('7376581', 'Miguel Felipe', 'Mujica Martinez', 'Masculino', '1964-03-31', 'Barquisimeto', 'Casado', '04262575401', 'mmiguelon@gmail.com');

--
-- Disparadores `usuarios`
--
DELIMITER $$
CREATE TRIGGER `after_usuario_create` AFTER INSERT ON `usuarios` FOR EACH ROW BEGIN
    SET @nombre_usuario = NEW.nombre;
    SET @apellido_usuario = NEW.apellido;
END
$$
DELIMITER ;
DELIMITER $$
CREATE TRIGGER `after_usuario_update` AFTER UPDATE ON `usuarios` FOR EACH ROW BEGIN
    SET @cambios = '';
    IF OLD.cedula != NEW.cedula THEN
        SET @cambios = CONCAT(@cambios, 'Cedula cambiada de "', OLD.cedula, '" a "', NEW.cedula, '"; ');
    END IF;
    IF OLD.nombre != NEW.nombre THEN
        SET @cambios = CONCAT(@cambios, 'Nombre cambiado de "', OLD.nombre, '" a "', NEW.nombre, '"; ');
    END IF;
    IF OLD.apellido != NEW.apellido THEN
        SET @cambios = CONCAT(@cambios, 'Apellido cambiado de "', OLD.apellido, '" a "', NEW.apellido, '"; ');
    END IF;
    IF OLD.genero != NEW.genero THEN
        SET @cambios = CONCAT(@cambios, 'Genero cambiado de "', OLD.genero, '" a "', NEW.genero, '"; ');
    END IF;
    IF OLD.fecha_nacimiento != NEW.fecha_nacimiento THEN
        SET @cambios = CONCAT(@cambios, 'Fecha de nacimiento cambiada de "', OLD.fecha_nacimiento, '" a "', NEW.fecha_nacimiento, '"; ');
    END IF;
    IF OLD.lugar_nacimiento != NEW.lugar_nacimiento THEN
        SET @cambios = CONCAT(@cambios, 'Lugar de nacimiento cambiado de "', OLD.lugar_nacimiento, '" a "', NEW.lugar_nacimiento, '"; ');
    END IF;
    IF OLD.estado_civil != NEW.estado_civil THEN
        SET @cambios = CONCAT(@cambios, 'Estado civil cambiado de "', OLD.estado_civil, '" a "', NEW.estado_civil, '"; ');
    END IF;
    IF OLD.telefono != NEW.telefono THEN
        SET @cambios = CONCAT(@cambios, 'Telefono cambiado de "', OLD.telefono, '" a "', NEW.telefono, '"; ');
    END IF;
    IF OLD.correo_electronico != NEW.correo_electronico THEN
        SET @cambios = CONCAT(@cambios, 'Correo electrónico cambiado de "', OLD.correo_electronico, '" a "', NEW.correo_electronico, '"; ');
    END IF;
END
$$
DELIMITER ;

-- --------------------------------------------------------

--
-- Estructura de tabla para la tabla `usuarios_roles`
--

CREATE TABLE `usuarios_roles` (
  `id_usuario` varchar(10) NOT NULL,
  `id_rol` int(50) NOT NULL,
  `password` varchar(255) NOT NULL,
  `token` varchar(255) NOT NULL
) ENGINE=InnoDB DEFAULT CHARSET=utf8mb4 COLLATE=utf8mb4_general_ci;

--
-- Volcado de datos para la tabla `usuarios_roles`
--

INSERT INTO `usuarios_roles` (`id_usuario`, `id_rol`, `password`, `token`) VALUES
('28609560', 2, '$2y$10$W4olv/Ki52lHBbB3gPtMzuVOe1jkXKjNk.hD/nVWIlGzOvpW0tx9i', 'eyJ0eXAiOiJKV1QiLCJhbGciOiJIUzI1NiJ9.eyJzdWIiOiJxSUxvMDFRWlY3M2VTZUpGR05NWW5JS1hBcnNocC01SSIsImlhdCI6MTc2NDMyODYxNCwiZXhwIjoxNzY0NTg3ODE0LCJ0eXBlIjoicmVmcmVzaCJ9.RGIPsG4nna-H5H-zV_gEp-60TScMlULaryXdH5nRsRQ'),
('29831802', 0, '$2y$10$MkSjpa8SiZ4TBiX/kgjlAesaogL/c7LMnufggEQHjGFqdy9k07y8O', ''),
('7376581', 1, '$2y$10$ROREY99F/EY5PNMYYhYh0eB9UADEEa1/v63z0qWbaXLvijBCCgM5y', '');

--
-- Disparadores `usuarios_roles`
--
DELIMITER $$
CREATE TRIGGER `after_usuarios_roles_update` AFTER UPDATE ON `usuarios_roles` FOR EACH ROW BEGIN
    DECLARE cambios VARCHAR(255) DEFAULT ""; 
    IF OLD.id_rol != NEW.id_rol THEN
    SET
        cambios = CONCAT(
            cambios,
            'Rol del usuario cambiado de "',
            (SELECT nombre FROM roles WHERE id_rol = OLD.id_rol),
            '" a "',
            (SELECT nombre FROM roles WHERE id_rol = NEW.id_rol),
            '"; '
        ) ;
END IF ; IF OLD.password != NEW.password THEN
SET
    cambios = CONCAT(
        cambios,
        'Contraseña del usuario fue modificada.; '
    ) ;
END IF ; IF cambios != "" THEN
INSERT INTO bitacora(
    accion,
    modulo,
    id_usuario,
    registro_modificado,
    detalles
)
VALUES(
    'Modificar',
    'Roles',
    @usuario_actual,
    OLD.id_usuario,
    cambios
) ;
END IF ;
SET
    cambios = NULL ;
END
$$
DELIMITER ;

--
-- Índices para tablas volcadas
--

--
-- Indices de la tabla `bitacora`
--
ALTER TABLE `bitacora`
  ADD PRIMARY KEY (`id_accion`),
  ADD KEY `id_usuario` (`id_usuario`);

--
-- Indices de la tabla `modulos`
--
ALTER TABLE `modulos`
  ADD PRIMARY KEY (`id_modulo`);

--
-- Indices de la tabla `notificaciones`
--
ALTER TABLE `notificaciones`
  ADD PRIMARY KEY (`id`),
  ADD KEY `id_usuario` (`id_usuario`);

--
-- Indices de la tabla `permisos`
--
ALTER TABLE `permisos`
  ADD PRIMARY KEY (`id_rol`,`modulo`),
  ADD KEY `permisos_ibfk_2` (`modulo`);

--
-- Indices de la tabla `reset`
--
ALTER TABLE `reset`
  ADD PRIMARY KEY (`id`),
  ADD KEY `cedula` (`cedula`),
  ADD KEY `email` (`email`),
  ADD KEY `token` (`token`);

--
-- Indices de la tabla `roles`
--
ALTER TABLE `roles`
  ADD PRIMARY KEY (`id_rol`);

--
-- Indices de la tabla `usuarios`
--
ALTER TABLE `usuarios`
  ADD PRIMARY KEY (`cedula`),
  ADD UNIQUE KEY `correo_unico` (`correo_electronico`);

--
-- Indices de la tabla `usuarios_roles`
--
ALTER TABLE `usuarios_roles`
  ADD UNIQUE KEY `id_usuario` (`id_usuario`),
  ADD KEY `id_rol` (`id_rol`);

--
-- AUTO_INCREMENT de las tablas volcadas
--

--
-- AUTO_INCREMENT de la tabla `bitacora`
--
ALTER TABLE `bitacora`
  MODIFY `id_accion` int(50) NOT NULL AUTO_INCREMENT, AUTO_INCREMENT=678;

--
-- AUTO_INCREMENT de la tabla `modulos`
--
ALTER TABLE `modulos`
  MODIFY `id_modulo` int(50) NOT NULL AUTO_INCREMENT, AUTO_INCREMENT=10;

--
-- AUTO_INCREMENT de la tabla `notificaciones`
--
ALTER TABLE `notificaciones`
  MODIFY `id` int(11) NOT NULL AUTO_INCREMENT, AUTO_INCREMENT=47;

--
-- AUTO_INCREMENT de la tabla `reset`
--
ALTER TABLE `reset`
  MODIFY `id` int(11) NOT NULL AUTO_INCREMENT;

--
-- AUTO_INCREMENT de la tabla `roles`
--
ALTER TABLE `roles`
  MODIFY `id_rol` int(50) NOT NULL AUTO_INCREMENT, AUTO_INCREMENT=4;

--
-- Restricciones para tablas volcadas
--

--
-- Filtros para la tabla `bitacora`
--
ALTER TABLE `bitacora`
  ADD CONSTRAINT `bitacora_ibfk_1` FOREIGN KEY (`id_usuario`) REFERENCES `usuarios` (`cedula`) ON DELETE CASCADE ON UPDATE CASCADE;

--
-- Filtros para la tabla `notificaciones`
--
ALTER TABLE `notificaciones`
  ADD CONSTRAINT `notificaciones_ibfk_1` FOREIGN KEY (`id_usuario`) REFERENCES `usuarios` (`cedula`) ON DELETE CASCADE ON UPDATE CASCADE;

--
-- Filtros para la tabla `permisos`
--
ALTER TABLE `permisos`
  ADD CONSTRAINT `permisos_ibfk_1` FOREIGN KEY (`id_rol`) REFERENCES `roles` (`id_rol`) ON DELETE CASCADE ON UPDATE CASCADE,
  ADD CONSTRAINT `permisos_ibfk_2` FOREIGN KEY (`modulo`) REFERENCES `modulos` (`id_modulo`) ON DELETE CASCADE ON UPDATE CASCADE;

--
-- Filtros para la tabla `reset`
--
ALTER TABLE `reset`
  ADD CONSTRAINT `reset_ibfk_1` FOREIGN KEY (`cedula`) REFERENCES `usuarios` (`cedula`);

--
-- Filtros para la tabla `usuarios_roles`
--
ALTER TABLE `usuarios_roles`
  ADD CONSTRAINT `usuarios_roles_ibfk_1` FOREIGN KEY (`id_rol`) REFERENCES `roles` (`id_rol`),
  ADD CONSTRAINT `usuarios_roles_ibfk_2` FOREIGN KEY (`id_usuario`) REFERENCES `usuarios` (`cedula`);
COMMIT;

/*!40101 SET CHARACTER_SET_CLIENT=@OLD_CHARACTER_SET_CLIENT */;
/*!40101 SET CHARACTER_SET_RESULTS=@OLD_CHARACTER_SET_RESULTS */;
/*!40101 SET COLLATION_CONNECTION=@OLD_COLLATION_CONNECTION */;
